id, Start Time, End Time, Feed Type, Quantity (oz), Quantity (ml or g), Notes, Duration (Minutes), Food Type, Unit
1046,17:50:38 05-29-2014,18:02:04 05-29-2014,Left Breast,,,,11,Breast Milk,
1045,17:30:54 05-29-2014,17:47:53 05-29-2014,Right Breast,,,,16,Breast Milk,
1044,15:36:25 05-29-2014,15:49:37 05-29-2014,Left Breast,,,,13,Breast Milk,
1043,15:19:30 05-29-2014,15:35:06 05-29-2014,Right Breast,,,,15,Breast Milk,
1042,13:26:12 05-29-2014,13:35:14 05-29-2014,Right Breast,,,,9,Breast Milk,
1041,13:02:54 05-29-2014,13:24:31 05-29-2014,Left Breast,,,,21,Breast Milk,
1040,11:05:49 05-29-2014,11:28:13 05-29-2014,Right Breast,,,,22,Breast Milk,
1039,10:47:47 05-29-2014,11:05:48 05-29-2014,Left Breast,,,,18,Breast Milk,
1038,09:25:08 05-29-2014,09:31:56 05-29-2014,Right Breast,,,,6,Breast Milk,
1037,09:11:29 05-29-2014,09:24:56 05-29-2014,Left Breast,,,,13,Breast Milk,
1036,07:29:20 05-29-2014,07:44:43 05-29-2014,Left Breast,,,,15,Breast Milk,
1035,07:16:21 05-29-2014,07:29:19 05-29-2014,Right Breast,,,,12,Breast Milk,
1034,03:12:26 05-29-2014,03:24:33 05-29-2014,Bottle,3.00,88,,12,Liquid,IMPERIAL
1033,20:30:19 05-28-2014,20:37:21 05-28-2014,Left Breast,,,,7,Breast Milk,
1032,20:11:22 05-28-2014,20:30:18 05-28-2014,Right Breast,,,,18,Breast Milk,
1031,18:22:43 05-28-2014,18:30:47 05-28-2014,Right Breast,,,,8,Breast Milk,
1030,18:03:57 05-28-2014,18:19:06 05-28-2014,Left Breast,,,,15,Breast Milk,
1029,16:20:22 05-28-2014,16:38:59 05-28-2014,Left Breast,,,,18,Breast Milk,
1028,16:07:07 05-28-2014,16:20:21 05-28-2014,Right Breast,,,,13,Breast Milk,
1027,14:21:36 05-28-2014,14:39:29 05-28-2014,Left Breast,,,,17,Breast Milk,
1026,14:00:34 05-28-2014,14:21:36 05-28-2014,Right Breast,,,,21,Breast Milk,
1025,12:05:43 05-28-2014,12:22:35 05-28-2014,Left Breast,,,,16,Breast Milk,
1024,11:48:40 05-28-2014,12:05:42 05-28-2014,Right Breast,,,,17,Breast Milk,
1023,09:46:23 05-28-2014,09:58:36 05-28-2014,Left Breast,,,,12,Breast Milk,
1022,09:29:39 05-28-2014,09:44:59 05-28-2014,Right Breast,,,,15,Breast Milk,
1021,07:12:11 05-28-2014,07:20:21 05-28-2014,Left Breast,,,,8,Breast Milk,
1020,06:45:30 05-28-2014,06:57:00 05-28-2014,Right Breast,,,,11,Breast Milk,
1019,05:51:43 05-28-2014,05:56:13 05-28-2014,Right Breast,,,,4,Breast Milk,
1018,05:36:47 05-28-2014,05:46:19 05-28-2014,Left Breast,,,,9,Breast Milk,
1017,03:32:07 05-28-2014,03:41:02 05-28-2014,Left Breast,,,,8,Breast Milk,
1016,03:19:10 05-28-2014,03:31:22 05-28-2014,Right Breast,,,,12,Breast Milk,
1015,23:32:05 05-27-2014,23:47:17 05-27-2014,Bottle,3.50,103,,15,Liquid,IMPERIAL
1014,18:21:58 05-27-2014,18:29:20 05-27-2014,Left Breast,,,,7,Breast Milk,
1013,18:01:38 05-27-2014,18:21:57 05-27-2014,Right Breast,,,,20,Breast Milk,
1012,16:23:41 05-27-2014,16:38:57 05-27-2014,Right Breast,,,,15,Breast Milk,
1011,16:05:02 05-27-2014,16:20:37 05-27-2014,Left Breast,,,,15,Breast Milk,
1010,13:46:08 05-27-2014,14:03:18 05-27-2014,Left Breast,,,,17,Breast Milk,
1009,13:28:50 05-27-2014,13:44:23 05-27-2014,Right Breast,,,,15,Breast Milk,
1008,11:56:56 05-27-2014,12:15:14 05-27-2014,Right Breast,,,,18,Breast Milk,
1007,11:46:16 05-27-2014,11:56:40 05-27-2014,Left Breast,,,,10,Breast Milk,
1006,09:49:29 05-27-2014,09:56:30 05-27-2014,Right Breast,,,,7,Breast Milk,
1005,09:28:05 05-27-2014,09:42:07 05-27-2014,Left Breast,,,,14,Breast Milk,
1004,07:41:30 05-27-2014,07:51:37 05-27-2014,Right Breast,,,,10,Breast Milk,
1003,07:27:18 05-27-2014,07:40:50 05-27-2014,Left Breast,,,,13,Breast Milk,
1002,04:32:15 05-27-2014,04:41:26 05-27-2014,Left Breast,,,,9,Breast Milk,
1001,04:15:28 05-27-2014,04:32:14 05-27-2014,Left Breast,,,,16,Breast Milk,
1000,23:22:43 05-26-2014,23:32:57 05-26-2014,Bottle,4.00,118,,10,Liquid,IMPERIAL
999,17:30:00 05-26-2014,17:40:44 05-26-2014,Left Breast,,,,10,Breast Milk,
998,17:10:18 05-26-2014,17:27:29 05-26-2014,Right Breast,,,,17,Breast Milk,
997,15:24:42 05-26-2014,15:38:56 05-26-2014,Left Breast,,,,14,Breast Milk,
996,15:13:01 05-26-2014,15:24:40 05-26-2014,Right Breast,,,,11,Breast Milk,
995,13:33:50 05-26-2014,13:43:10 05-26-2014,Left Breast,,,,9,Breast Milk,
994,13:21:33 05-26-2014,13:31:49 05-26-2014,Right Breast,,,,10,Breast Milk,
993,11:21:53 05-26-2014,11:39:53 05-26-2014,Left Breast,,,,18,Breast Milk,
992,11:12:36 05-26-2014,11:21:52 05-26-2014,Right Breast,,,,9,Breast Milk,
991,09:21:01 05-26-2014,09:34:01 05-26-2014,Right Breast,,,,12,Breast Milk,
990,09:04:52 05-26-2014,09:18:28 05-26-2014,Left Breast,,,,13,Breast Milk,
989,07:27:06 05-26-2014,07:35:10 05-26-2014,Left Breast,,,,8,Breast Milk,
988,07:08:06 05-26-2014,07:22:22 05-26-2014,Right Breast,,,,14,Breast Milk,
987,04:29:06 05-26-2014,04:35:24 05-26-2014,Left Breast,,,,6,Breast Milk,
986,04:03:36 05-26-2014,04:10:39 05-26-2014,Bottle,1.50,44,,7,Liquid,IMPERIAL
985,02:30:42 05-26-2014,02:43:40 05-26-2014,Right Breast,,,,12,Breast Milk,
984,19:39:16 05-25-2014,19:57:54 05-25-2014,Left Breast,,,,18,Breast Milk,
983,19:09:49 05-25-2014,19:26:53 05-25-2014,Right Breast,,,,17,Breast Milk,
982,17:02:52 05-25-2014,18:10:15 05-25-2014,Right Breast,,,,67,Breast Milk,
981,16:48:53 05-25-2014,17:01:48 05-25-2014,Left Breast,,,,12,Breast Milk,
979,15:21:50 05-25-2014,15:21:51 05-25-2014,Right Breast,,,,0,Breast Milk,
980,15:00:56 05-25-2014,15:15:59 05-25-2014,Left Breast,,,,15,Breast Milk,
978,13:22:13 05-25-2014,13:32:53 05-25-2014,Right Breast,,,,10,Breast Milk,
977,12:26:42 05-25-2014,12:40:11 05-25-2014,Left Breast,,,,13,Breast Milk,
976,09:59:21 05-25-2014,10:06:05 05-25-2014,Right Breast,,,,6,Breast Milk,
975,09:48:31 05-25-2014,09:59:20 05-25-2014,Left Breast,,,,10,Breast Milk,
974,07:32:18 05-25-2014,07:38:34 05-25-2014,Left Breast,,,,6,Breast Milk,
973,06:55:06 05-25-2014,07:12:27 05-25-2014,Right Breast,,,,17,Breast Milk,
972,04:25:35 05-25-2014,04:41:41 05-25-2014,Left Breast,,,,16,Breast Milk,
971,01:03:15 05-25-2014,01:15:26 05-25-2014,Bottle,4.00,118,,12,Liquid,IMPERIAL
970,19:23:59 05-24-2014,20:28:04 05-24-2014,Left Breast,,,,64,Breast Milk,
969,18:47:58 05-24-2014,19:04:33 05-24-2014,Left Breast,,,,16,Breast Milk,
968,18:34:50 05-24-2014,18:47:57 05-24-2014,Right Breast,,,,13,Breast Milk,
967,14:03:13 05-24-2014,14:05:29 05-24-2014,Right Breast,,,,2,Breast Milk,
966,13:43:51 05-24-2014,14:03:12 05-24-2014,Left Breast,,,,19,Breast Milk,
965,11:34:22 05-24-2014,14:03:12 05-24-2014,Left Breast,,,,148,Breast Milk,
964,11:14:44 05-24-2014,11:34:21 05-24-2014,Right Breast,,,,19,Breast Milk,
963,10:05:55 05-24-2014,10:17:14 05-24-2014,Right Breast,,,,11,Breast Milk,
962,09:54:54 05-24-2014,10:04:56 05-24-2014,Left Breast,,,,10,Breast Milk,
961,09:05:46 05-24-2014,09:20:02 05-24-2014,Left Breast,,,,14,Breast Milk,
960,07:55:26 05-24-2014,08:02:04 05-24-2014,Left Breast,,,,6,Breast Milk,
959,07:36:49 05-24-2014,07:52:00 05-24-2014,Right Breast,,,,15,Breast Milk,
958,06:08:45 05-24-2014,06:17:18 05-24-2014,Left Breast,,,,8,Breast Milk,
957,05:47:15 05-24-2014,05:58:45 05-24-2014,Right Breast,,,,11,Breast Milk,
956,03:58:06 05-24-2014,04:10:24 05-24-2014,Left Breast,,,,12,Breast Milk,
955,00:23:38 05-24-2014,00:33:22 05-24-2014,Bottle,4.00,118,,9,Liquid,IMPERIAL
954,21:09:02 05-23-2014,21:15:37 05-23-2014,Left Breast,,,,6,Breast Milk,
953,19:39:57 05-23-2014,19:54:32 05-23-2014,Left Breast,,,,14,Breast Milk,
952,19:14:32 05-23-2014,19:29:48 05-23-2014,Right Breast,,,,15,Breast Milk,
951,17:35:55 05-23-2014,17:47:26 05-23-2014,Right Breast,,,,11,Breast Milk,
950,17:18:02 05-23-2014,17:35:54 05-23-2014,Left Breast,,,,17,Breast Milk,
949,14:50:52 05-23-2014,15:06:13 05-23-2014,Left Breast,,,,15,Breast Milk,
948,14:10:48 05-23-2014,14:20:04 05-23-2014,Right Breast,,,,9,Breast Milk,
947,13:15:34 05-23-2014,13:28:55 05-23-2014,Right Breast,,,,13,Breast Milk,
946,12:55:00 05-23-2014,13:12:53 05-23-2014,Left Breast,,,,17,Breast Milk,
945,10:59:42 05-23-2014,11:11:12 05-23-2014,Left Breast,,,,11,Breast Milk,
944,10:45:56 05-23-2014,10:57:34 05-23-2014,Right Breast,,,,11,Breast Milk,
943,09:06:31 05-23-2014,09:16:46 05-23-2014,Right Breast,,,,10,Breast Milk,
942,08:52:13 05-23-2014,09:06:30 05-23-2014,Left Breast,,,,14,Breast Milk,
941,07:03:53 05-23-2014,07:15:56 05-23-2014,Left Breast,,,,12,Breast Milk,
940,06:38:15 05-23-2014,06:56:23 05-23-2014,Right Breast,,,,18,Breast Milk,
939,03:56:37 05-23-2014,04:05:45 05-23-2014,Left Breast,,,,9,Breast Milk,
938,03:34:18 05-23-2014,03:51:14 05-23-2014,Right Breast,,,,16,Breast Milk,
937,22:59:02 05-22-2014,23:10:15 05-22-2014,Right Breast,,,,11,Breast Milk,
936,19:23:25 05-22-2014,19:31:28 05-22-2014,Left Breast,,,,8,Breast Milk,
935,18:58:02 05-22-2014,19:15:45 05-22-2014,Right Breast,,,,17,Breast Milk,
934,17:01:50 05-22-2014,17:23:52 05-22-2014,Right Breast,,,,22,Breast Milk,
933,16:13:31 05-22-2014,16:28:36 05-22-2014,Left Breast,,,,15,Breast Milk,
932,15:18:31 05-22-2014,15:32:42 05-22-2014,Right Breast,,,,14,Breast Milk,
931,13:58:05 05-22-2014,14:19:31 05-22-2014,Left Breast,,,,21,Breast Milk,
930,13:45:01 05-22-2014,13:57:36 05-22-2014,Right Breast,,,,12,Breast Milk,
929,12:02:10 05-22-2014,12:20:39 05-22-2014,Left Breast,,,,18,Breast Milk,
928,11:49:20 05-22-2014,12:00:47 05-22-2014,Right Breast,,,,11,Breast Milk,
927,09:57:41 05-22-2014,10:08:57 05-22-2014,Left Breast,,,,11,Breast Milk,
926,09:34:53 05-22-2014,09:47:40 05-22-2014,Right Breast,,,,12,Breast Milk,
925,08:02:21 05-22-2014,08:14:06 05-22-2014,Right Breast,,,,11,Breast Milk,
924,07:40:12 05-22-2014,07:51:10 05-22-2014,Left Breast,,,,10,Breast Milk,
923,04:54:05 05-22-2014,05:15:38 05-22-2014,Right Breast,,,,21,Breast Milk,
922,21:33:59 05-21-2014,21:44:07 05-21-2014,Left Breast,,,,10,Breast Milk,
921,21:09:36 05-21-2014,21:28:46 05-21-2014,Right Breast,,,,19,Breast Milk,
920,20:29:09 05-21-2014,20:39:35 05-21-2014,Left Breast,,,,10,Breast Milk,
919,20:05:17 05-21-2014,20:21:36 05-21-2014,Left Breast,,,,16,Breast Milk,
918,18:36:35 05-21-2014,18:41:23 05-21-2014,Right Breast,,,,4,Breast Milk,
917,18:23:20 05-21-2014,18:36:34 05-21-2014,Left Breast,,,,13,Breast Milk,
916,16:38:42 05-21-2014,17:01:08 05-21-2014,Right Breast,,,,22,Breast Milk,
915,16:23:45 05-21-2014,16:38:41 05-21-2014,Left Breast,,,,14,Breast Milk,
913,14:59:34 05-21-2014,15:09:51 05-21-2014,Right Breast,,,,10,Breast Milk,
912,14:19:37 05-21-2014,14:40:33 05-21-2014,Left Breast,,,,20,Breast Milk,
911,12:37:53 05-21-2014,12:52:56 05-21-2014,Right Breast,,,,15,Breast Milk,
910,12:17:40 05-21-2014,12:32:57 05-21-2014,Left Breast,,,,15,Breast Milk,
909,10:33:19 05-21-2014,10:43:43 05-21-2014,Right Breast,,,,10,Breast Milk,
908,10:08:29 05-21-2014,10:33:18 05-21-2014,Left Breast,,,,24,Breast Milk,
907,08:23:14 05-21-2014,08:38:27 05-21-2014,Right Breast,,,,15,Breast Milk,
906,07:42:09 05-21-2014,08:01:02 05-21-2014,Left Breast,,,,18,Breast Milk,
905,03:57:05 05-21-2014,04:05:09 05-21-2014,Bottle,2.50,73,,8,Liquid,IMPERIAL
904,23:06:42 05-20-2014,23:19:47 05-20-2014,Left Breast,,,,13,Breast Milk,
903,21:37:06 05-20-2014,21:55:33 05-20-2014,Right Breast,,,,18,Breast Milk,
902,19:28:52 05-20-2014,19:47:53 05-20-2014,Right Breast,,,,19,Breast Milk,
901,19:08:48 05-20-2014,19:28:51 05-20-2014,Left Breast,,,,20,Breast Milk,
900,18:05:59 05-20-2014,18:16:04 05-20-2014,Right Breast,,,,10,Breast Milk,
899,17:50:46 05-20-2014,18:05:58 05-20-2014,Left Breast,,,,15,Breast Milk,
898,15:58:13 05-20-2014,16:18:17 05-20-2014,Left Breast,,,,20,Breast Milk,
897,13:59:02 05-20-2014,14:20:21 05-20-2014,Left Breast,,,,21,Breast Milk,
896,13:52:43 05-20-2014,13:57:59 05-20-2014,Right Breast,,,,5,Breast Milk,
895,12:13:10 05-20-2014,12:33:25 05-20-2014,Right Breast,,,,20,Breast Milk,
894,11:54:36 05-20-2014,12:03:50 05-20-2014,Bottle,3.75,110,,9,Liquid,IMPERIAL
893,09:15:19 05-20-2014,09:25:21 05-20-2014,Bottle,3.50,103,,10,Liquid,IMPERIAL
892,07:18:33 05-20-2014,07:30:11 05-20-2014,Right Breast,,,,11,Breast Milk,
891,06:57:09 05-20-2014,07:08:47 05-20-2014,Left Breast,,,,11,Breast Milk,
890,03:00:19 05-20-2014,03:11:13 05-20-2014,Bottle,3.75,110,,10,Liquid,IMPERIAL
889,23:46:23 05-19-2014,23:58:36 05-19-2014,Right Breast,,,,12,Breast Milk,
888,23:33:57 05-19-2014,23:44:16 05-19-2014,Right Breast,,,,10,Breast Milk,
887,23:14:04 05-19-2014,23:23:45 05-19-2014,Left Breast,,,,9,Breast Milk,
886,19:20:41 05-19-2014,19:30:42 05-19-2014,Left Breast,,,,10,Breast Milk,
885,19:03:06 05-19-2014,19:13:11 05-19-2014,Right Breast,,,,10,Breast Milk,
884,17:46:28 05-19-2014,18:01:39 05-19-2014,Left Breast,,,,15,Breast Milk,
883,17:22:22 05-19-2014,17:37:09 05-19-2014,Right Breast,,,,14,Breast Milk,
882,15:50:45 05-19-2014,16:09:38 05-19-2014,Left Breast,,,,18,Breast Milk,
881,15:33:00 05-19-2014,15:43:00 05-19-2014,Right Breast,,,,10,Breast Milk,
879,14:17:42 05-19-2014,14:21:16 05-19-2014,Left Breast,,,,3,Breast Milk,
880,13:55:18 05-19-2014,14:05:20 05-19-2014,Right Breast,,,,10,Breast Milk,
878,12:18:25 05-19-2014,12:28:28 05-19-2014,Left Breast,,,,10,Breast Milk,
877,12:05:07 05-19-2014,12:18:25 05-19-2014,Right Breast,,,,13,Breast Milk,
876,09:56:49 05-19-2014,10:07:43 05-19-2014,Left Breast,,,,10,Breast Milk,
875,09:40:03 05-19-2014,09:56:48 05-19-2014,Right Breast,,,,16,Breast Milk,
874,07:03:36 05-19-2014,07:12:45 05-19-2014,Left Breast,,,,9,Breast Milk,
873,06:43:32 05-19-2014,06:54:16 05-19-2014,Right Breast,,,,10,Breast Milk,
872,03:54:46 05-19-2014,04:10:14 05-19-2014,Bottle,3.00,88,,15,Liquid,IMPERIAL
871,21:11:58 05-18-2014,21:20:34 05-18-2014,Left Breast,,,,8,Breast Milk,
870,20:56:14 05-18-2014,21:05:06 05-18-2014,Right Breast,,,,8,Breast Milk,
869,19:28:01 05-18-2014,19:38:00 05-18-2014,Right Breast,,,,9,Breast Milk,
868,19:10:34 05-18-2014,19:25:41 05-18-2014,Right Breast,,,,15,Breast Milk,
867,17:10:20 05-18-2014,17:20:22 05-18-2014,Bottle,3.00,88,,10,Liquid,IMPERIAL
866,15:10:51 05-18-2014,15:19:21 05-18-2014,Left Breast,,,,8,Breast Milk,
865,14:49:22 05-18-2014,15:09:45 05-18-2014,Right Breast,,,,20,Breast Milk,
864,12:56:38 05-18-2014,13:02:48 05-18-2014,Left Breast,,,,6,Breast Milk,
863,12:40:27 05-18-2014,12:56:37 05-18-2014,Right Breast,,,,16,Breast Milk,
862,10:59:14 05-18-2014,11:10:19 05-18-2014,Left Breast,,,,11,Breast Milk,
861,10:49:20 05-18-2014,10:59:12 05-18-2014,Right Breast,,,,9,Breast Milk,
860,10:40:04 05-18-2014,10:49:06 05-18-2014,Left Breast,,,,9,Breast Milk,
859,08:34:15 05-18-2014,08:43:44 05-18-2014,Right Breast,,,,9,Breast Milk,
858,08:16:05 05-18-2014,08:23:37 05-18-2014,Left Breast,,,,7,Breast Milk,
857,05:17:48 05-18-2014,05:30:40 05-18-2014,Bottle,3.00,88,,12,Liquid,IMPERIAL
856,01:59:53 05-18-2014,02:10:03 05-18-2014,Bottle,3.25,96,,10,Liquid,IMPERIAL
854,20:26:57 05-17-2014,20:42:31 05-17-2014,Left Breast,,,,15,Breast Milk,
853,20:05:03 05-17-2014,20:20:51 05-17-2014,Right Breast,,,,15,Breast Milk,
852,18:14:17 05-17-2014,18:27:53 05-17-2014,Left Breast,,,,13,Breast Milk,
851,17:56:17 05-17-2014,18:14:14 05-17-2014,Right Breast,,,,17,Breast Milk,
850,16:06:46 05-17-2014,16:20:20 05-17-2014,Left Breast,,,,13,Breast Milk,
849,15:51:23 05-17-2014,16:03:35 05-17-2014,Right Breast,,,,12,Breast Milk,
848,14:08:04 05-17-2014,14:23:21 05-17-2014,Left Breast,,,,15,Breast Milk,
847,13:53:29 05-17-2014,14:08:00 05-17-2014,Right Breast,,,,14,Breast Milk,
846,11:46:59 05-17-2014,11:56:26 05-17-2014,Left Breast,,,,9,Breast Milk,
845,11:29:01 05-17-2014,11:44:17 05-17-2014,Right Breast,,,,15,Breast Milk,
844,09:44:42 05-17-2014,09:54:44 05-17-2014,Left Breast,,,,10,Breast Milk,
843,09:19:42 05-17-2014,09:32:29 05-17-2014,Right Breast,,,,12,Breast Milk,
842,07:27:57 05-17-2014,07:35:03 05-17-2014,Right Breast,,,,7,Breast Milk,
841,07:13:59 05-17-2014,07:27:16 05-17-2014,Left Breast,,,,13,Breast Milk,
840,04:40:14 05-17-2014,04:54:59 05-17-2014,Bottle,4.00,118,,14,Liquid,IMPERIAL
839,01:15:19 05-17-2014,01:27:15 05-17-2014,Bottle,3.00,88,,11,Liquid,IMPERIAL
838,20:16:34 05-16-2014,20:36:11 05-16-2014,Left Breast,,,,19,Breast Milk,
837,19:45:29 05-16-2014,20:00:34 05-16-2014,Right Breast,,,,15,Breast Milk,
836,18:20:00 05-16-2014,18:32:56 05-16-2014,Right Breast,,,,12,Breast Milk,
835,18:04:12 05-16-2014,18:19:36 05-16-2014,Left Breast,,,,15,Breast Milk,
834,16:30:34 05-16-2014,16:39:36 05-16-2014,Left Breast,,,,9,Breast Milk,
833,16:10:12 05-16-2014,16:26:24 05-16-2014,Right Breast,,,,16,Breast Milk,
832,14:53:16 05-16-2014,15:01:55 05-16-2014,Right Breast,,,,8,Breast Milk,
831,14:28:13 05-16-2014,14:40:46 05-16-2014,Left Breast,,,,12,Breast Milk,
830,12:32:16 05-16-2014,12:43:00 05-16-2014,Left Breast,,,,10,Breast Milk,
829,12:11:13 05-16-2014,12:26:18 05-16-2014,Right Breast,,,,15,Breast Milk,
828,10:30:11 05-16-2014,10:42:14 05-16-2014,Right Breast,,,,12,Breast Milk,
827,10:10:05 05-16-2014,10:24:44 05-16-2014,Left Breast,,,,14,Breast Milk,
826,08:28:14 05-16-2014,08:43:44 05-16-2014,Left Breast,,,,15,Breast Milk,
825,05:47:58 05-16-2014,05:54:29 05-16-2014,Left Breast,,,,6,Breast Milk,
823,05:24:39 05-16-2014,05:37:45 05-16-2014,Right Breast,,,,13,Breast Milk,
822,04:01:11 05-16-2014,04:12:31 05-16-2014,Left Breast,,,,11,Breast Milk,
821,01:02:56 05-16-2014,01:15:07 05-16-2014,Bottle,3.25,96,,12,Liquid,IMPERIAL
820,21:51:38 05-15-2014,21:58:28 05-15-2014,Left Breast,,,,6,Breast Milk,
819,21:36:04 05-15-2014,21:46:29 05-15-2014,Right Breast,,,,10,Breast Milk,
818,20:09:08 05-15-2014,20:19:15 05-15-2014,Right Breast,,,,10,Breast Milk,
817,19:12:42 05-15-2014,19:22:44 05-15-2014,Left Breast,,,,10,Breast Milk,
816,18:35:23 05-15-2014,18:47:50 05-15-2014,Right Breast,,,,12,Breast Milk,
815,18:08:33 05-15-2014,18:24:22 05-15-2014,Left Breast,,,,15,Breast Milk,
814,17:19:45 05-15-2014,17:35:47 05-15-2014,Left Breast,,,,16,Breast Milk,
813,17:00:34 05-15-2014,17:16:29 05-15-2014,Right Breast,,,,15,Breast Milk,
812,15:45:52 05-15-2014,15:57:02 05-15-2014,Right Breast,,,,11,Breast Milk,
811,15:13:39 05-15-2014,15:23:38 05-15-2014,Right Breast,,,,9,Breast Milk,
810,14:56:56 05-15-2014,15:08:33 05-15-2014,Left Breast,,,,11,Breast Milk,
809,13:34:28 05-15-2014,13:49:07 05-15-2014,Left Breast,,,,14,Breast Milk,
808,12:15:52 05-15-2014,12:20:34 05-15-2014,Left Breast,,,,4,Breast Milk,
807,11:54:25 05-15-2014,12:02:21 05-15-2014,Right Breast,,,,7,Breast Milk,
806,11:20:56 05-15-2014,11:22:45 05-15-2014,Right Breast,,,,1,Breast Milk,
805,10:00:00 05-15-2014,10:15:08 05-15-2014,Left Breast,,,,15,Breast Milk,
804,09:34:16 05-15-2014,09:49:08 05-15-2014,Right Breast,,,,14,Breast Milk,
803,07:52:40 05-15-2014,08:03:31 05-15-2014,Right Breast,,,,10,Breast Milk,
802,07:27:12 05-15-2014,07:43:50 05-15-2014,Left Breast,,,,16,Breast Milk,
801,06:01:12 05-15-2014,06:14:50 05-15-2014,Left Breast,,,,13,Breast Milk,
800,04:36:05 05-15-2014,04:39:11 05-15-2014,Left Breast,,,,3,Breast Milk,
799,04:26:36 05-15-2014,04:32:58 05-15-2014,Left Breast,,,,6,Breast Milk,
798,04:04:30 05-15-2014,04:24:30 05-15-2014,Right Breast,,,,19,Breast Milk,
797,00:47:55 05-15-2014,00:53:59 05-15-2014,Bottle,1.25,36,,6,Liquid,IMPERIAL
796,00:31:37 05-15-2014,00:42:00 05-15-2014,Bottle,2.75,81,,10,Liquid,IMPERIAL
795,21:13:53 05-14-2014,21:21:17 05-14-2014,Right Breast,,,,7,Breast Milk,
794,21:08:36 05-14-2014,21:13:34 05-14-2014,Left Breast,,,,4,Breast Milk,
793,20:38:58 05-14-2014,20:45:03 05-14-2014,Right Breast,,,,6,Breast Milk,
792,20:23:10 05-14-2014,20:34:57 05-14-2014,Left Breast,,,,11,Breast Milk,
791,18:46:35 05-14-2014,18:49:24 05-14-2014,Left Breast,,,,2,Breast Milk,
790,18:26:37 05-14-2014,18:44:23 05-14-2014,Right Breast,,,,17,Breast Milk,
789,18:10:23 05-14-2014,18:21:36 05-14-2014,Left Breast,,,,11,Breast Milk,
788,16:26:12 05-14-2014,16:39:58 05-14-2014,Left Breast,,,,13,Breast Milk,
787,16:08:05 05-14-2014,16:20:13 05-14-2014,Right Breast,,,,12,Breast Milk,
786,14:36:36 05-14-2014,14:48:42 05-14-2014,Right Breast,,,,12,Breast Milk,
785,14:20:37 05-14-2014,14:31:43 05-14-2014,Left Breast,,,,11,Breast Milk,
784,13:03:46 05-14-2014,13:12:10 05-14-2014,Left Breast,,,,8,Breast Milk,
783,12:47:37 05-14-2014,13:03:45 05-14-2014,Right Breast,,,,16,Breast Milk,
782,10:31:07 05-14-2014,10:39:45 05-14-2014,Right Breast,,,,8,Breast Milk,
781,10:14:16 05-14-2014,10:25:06 05-14-2014,Left Breast,,,,10,Breast Milk,
780,08:28:59 05-14-2014,08:36:34 05-14-2014,Left Breast,,,,7,Breast Milk,
779,08:11:24 05-14-2014,08:21:29 05-14-2014,Right Breast,,,,10,Breast Milk,
778,05:09:39 05-14-2014,05:15:01 05-14-2014,Right Breast,,,,5,Breast Milk,
777,04:51:32 05-14-2014,05:04:28 05-14-2014,Left Breast,,,,12,Breast Milk,
776,01:42:22 05-14-2014,01:49:38 05-14-2014,Bottle,1.50,44,,7,Liquid,IMPERIAL
775,01:31:10 05-14-2014,01:36:43 05-14-2014,Bottle,2.00,59,,5,Liquid,IMPERIAL
774,21:22:22 05-13-2014,21:37:41 05-13-2014,Left Breast,,,,15,Breast Milk,
773,21:05:22 05-13-2014,21:11:29 05-13-2014,Right Breast,,,,6,Breast Milk,
772,20:26:07 05-13-2014,20:40:33 05-13-2014,Left Breast,,,,14,Breast Milk,
771,20:09:23 05-13-2014,20:24:15 05-13-2014,Right Breast,,,,14,Breast Milk,
770,18:48:43 05-13-2014,19:05:41 05-13-2014,Right Breast,,,,16,Breast Milk,
769,18:22:00 05-13-2014,18:39:17 05-13-2014,Left Breast,,,,17,Breast Milk,
768,16:34:47 05-13-2014,16:45:05 05-13-2014,Left Breast,,,,10,Breast Milk,
767,13:18:09 05-13-2014,13:44:22 05-13-2014,Right Breast,,,,26,Breast Milk,
766,12:52:05 05-13-2014,13:10:08 05-13-2014,Left Breast,,,,18,Breast Milk,
765,11:06:31 05-13-2014,11:16:13 05-13-2014,Left Breast,,,,9,Breast Milk,
764,10:53:25 05-13-2014,11:01:19 05-13-2014,Left Breast,,,,7,Breast Milk,
763,10:38:45 05-13-2014,10:50:42 05-13-2014,Right Breast,,,,11,Breast Milk,
762,10:28:48 05-13-2014,10:36:45 05-13-2014,Right Breast,,,,7,Breast Milk,
761,08:32:53 05-13-2014,08:48:12 05-13-2014,Right Breast,,,,15,Breast Milk,
760,08:17:44 05-13-2014,08:31:30 05-13-2014,Left Breast,,,,13,Breast Milk,
759,06:36:25 05-13-2014,06:43:28 05-13-2014,Left Breast,,,,7,Breast Milk,
758,06:16:32 05-13-2014,06:31:23 05-13-2014,Right Breast,,,,14,Breast Milk,
757,05:00:59 05-13-2014,05:13:17 05-13-2014,Left Breast,,,,12,Breast Milk,
756,02:00:42 05-13-2014,02:09:17 05-13-2014,Bottle,1.50,44,,8,Liquid,IMPERIAL
755,01:46:51 05-13-2014,01:53:04 05-13-2014,Bottle,2.00,59,,6,Liquid,IMPERIAL
754,23:10:13 05-12-2014,23:17:54 05-12-2014,Right Breast,,,,7,Breast Milk,
753,22:53:05 05-12-2014,23:04:27 05-12-2014,Left Breast,,,,11,Breast Milk,
752,19:44:18 05-12-2014,20:01:11 05-12-2014,Right Breast,,,,16,Breast Milk,
751,19:20:14 05-12-2014,19:35:18 05-12-2014,Left Breast,,,,15,Breast Milk,
750,17:20:43 05-12-2014,17:31:42 05-12-2014,Left Breast,,,,10,Breast Milk,
749,16:36:00 05-12-2014,16:44:08 05-12-2014,Right Breast,,,,8,Breast Milk,
748,15:44:45 05-12-2014,16:00:24 05-12-2014,Right Breast,,,,15,Breast Milk,
747,15:22:28 05-12-2014,15:32:09 05-12-2014,Left Breast,,,,9,Breast Milk,
746,13:51:44 05-12-2014,14:04:22 05-12-2014,Left Breast,,,,12,Breast Milk,
745,13:25:15 05-12-2014,13:45:35 05-12-2014,Right Breast,,,,20,Breast Milk,
744,12:23:47 05-12-2014,12:29:58 05-12-2014,Left Breast,,,,6,Breast Milk,
743,12:00:51 05-12-2014,12:11:17 05-12-2014,Right Breast,,,,10,Breast Milk,
742,11:47:01 05-12-2014,11:57:32 05-12-2014,Left Breast,,,,10,Breast Milk,
741,09:48:34 05-12-2014,10:09:21 05-12-2014,Left Breast,,,,20,Breast Milk,
740,09:23:10 05-12-2014,09:38:19 05-12-2014,Right Breast,,,,15,Breast Milk,
739,06:52:59 05-12-2014,06:59:38 05-12-2014,Left Breast,,,,6,Breast Milk,
738,06:11:05 05-12-2014,06:18:46 05-12-2014,Right Breast,,,,7,Breast Milk,
737,03:32:25 05-12-2014,03:41:28 05-12-2014,Right Breast,,,,9,Breast Milk,
736,03:12:24 05-12-2014,03:30:14 05-12-2014,Left Breast,,,,17,Breast Milk,
735,00:12:02 05-12-2014,00:25:05 05-12-2014,Bottle,3.00,88,,13,Liquid,IMPERIAL
734,20:26:37 05-11-2014,20:43:07 05-11-2014,Right Breast,,,,16,Breast Milk,
733,19:52:09 05-11-2014,20:15:44 05-11-2014,Left Breast,,,,23,Breast Milk,
731,17:57:45 05-11-2014,18:05:49 05-11-2014,Left Breast,,,,8,Breast Milk,
732,17:27:47 05-11-2014,17:41:23 05-11-2014,Right Breast,,,,13,Breast Milk,
730,14:42:06 05-11-2014,14:46:24 05-11-2014,Right Breast,,,,4,Breast Milk,
729,13:43:38 05-11-2014,13:51:55 05-11-2014,Left Breast,,,,8,Breast Milk,
728,10:17:37 05-11-2014,10:26:24 05-11-2014,Left Breast,,,,8,Breast Milk,
727,09:59:24 05-11-2014,10:08:25 05-11-2014,Right Breast,,,,9,Breast Milk,
726,07:51:00 05-11-2014,07:59:12 05-11-2014,Left Breast,,,,8,Breast Milk,
725,07:06:48 05-11-2014,07:18:03 05-11-2014,Left Breast,,,,11,Breast Milk,
724,04:29:52 05-11-2014,04:37:13 05-11-2014,Left Breast,,,,7,Breast Milk,
723,04:11:29 05-11-2014,04:20:23 05-11-2014,Right Breast,,,,8,Breast Milk,
722,02:28:16 05-11-2014,02:46:39 05-11-2014,Bottle,3.00,88,,18,Liquid,IMPERIAL
721,23:42:50 05-10-2014,23:53:34 05-10-2014,Left Breast,,,,10,Breast Milk,
720,23:13:15 05-10-2014,23:21:36 05-10-2014,Right Breast,,,,8,Breast Milk,
719,22:52:15 05-10-2014,23:07:08 05-10-2014,Left Breast,,,,14,Breast Milk,
718,19:53:34 05-10-2014,20:04:12 05-10-2014,Left Breast,,,,10,Breast Milk,
717,18:24:04 05-10-2014,18:53:56 05-10-2014,Left Breast,,,,29,Breast Milk,
716,14:24:39 05-10-2014,14:45:52 05-10-2014,Bottle,3.00,88,,21,Liquid,IMPERIAL
715,11:34:56 05-10-2014,11:40:42 05-10-2014,Bottle,0.75,22,,5,Liquid,IMPERIAL
714,11:19:38 05-10-2014,11:29:46 05-10-2014,Bottle,2.75,81,,10,Liquid,IMPERIAL
713,08:57:02 05-10-2014,09:18:40 05-10-2014,Right Breast,,,,21,Breast Milk,
712,08:08:17 05-10-2014,08:19:11 05-10-2014,Right Breast,,,,10,Breast Milk,
711,07:46:11 05-10-2014,07:58:58 05-10-2014,Left Breast,,,,12,Breast Milk,
710,06:23:02 05-10-2014,06:33:31 05-10-2014,Left Breast,,,,10,Breast Milk,
709,06:01:47 05-10-2014,06:10:32 05-10-2014,Right Breast,,,,8,Breast Milk,
708,03:51:59 05-10-2014,03:56:04 05-10-2014,Right Breast,,,,4,Breast Milk,
707,03:25:31 05-10-2014,03:45:37 05-10-2014,Left Breast,,,,20,Breast Milk,
706,00:07:34 05-10-2014,00:18:14 05-10-2014,Bottle,2.25,66,,10,Liquid,IMPERIAL
705,23:56:51 05-09-2014,00:00:55 05-10-2014,Bottle,1.50,44,,4,Liquid,IMPERIAL
704,20:05:23 05-09-2014,20:15:40 05-09-2014,Right Breast,,,,10,Breast Milk,
703,19:43:02 05-09-2014,19:52:22 05-09-2014,Left Breast,,,,9,Breast Milk,
702,19:04:19 05-09-2014,19:11:32 05-09-2014,Left Breast,,,,7,Breast Milk,
701,18:47:23 05-09-2014,18:57:09 05-09-2014,Right Breast,,,,9,Breast Milk,
700,18:04:11 05-09-2014,18:15:16 05-09-2014,Right Breast,,,,11,Breast Milk,
699,17:21:24 05-09-2014,17:48:30 05-09-2014,Left Breast,,,,27,Breast Milk,
698,16:59:39 05-09-2014,17:14:21 05-09-2014,Right Breast,,,,14,Breast Milk,
697,15:38:58 05-09-2014,15:51:44 05-09-2014,Right Breast,,,,12,Breast Milk,
696,15:20:43 05-09-2014,15:30:53 05-09-2014,Left Breast,,,,10,Breast Milk,
695,13:53:11 05-09-2014,14:12:53 05-09-2014,Left Breast,,,,19,Breast Milk,
694,13:32:24 05-09-2014,13:43:28 05-09-2014,Left Breast,,,,11,Breast Milk,
693,13:22:13 05-09-2014,13:32:23 05-09-2014,Right Breast,,,,10,Breast Milk,
692,13:05:08 05-09-2014,13:13:10 05-09-2014,Right Breast,,,,8,Breast Milk,
691,11:32:41 05-09-2014,11:47:29 05-09-2014,Right Breast,,,,14,Breast Milk,
690,10:55:52 05-09-2014,11:04:46 05-09-2014,Left Breast,,,,8,Breast Milk,
689,10:24:13 05-09-2014,10:39:37 05-09-2014,Right Breast,,,,15,Breast Milk,
688,10:08:17 05-09-2014,10:19:31 05-09-2014,Left Breast,,,,11,Breast Milk,
687,08:37:33 05-09-2014,08:46:49 05-09-2014,Left Breast,,,,9,Breast Milk,
686,07:59:32 05-09-2014,08:08:43 05-09-2014,Right Breast,,,,9,Breast Milk,
685,07:40:39 05-09-2014,07:47:30 05-09-2014,Left Breast,,,,6,Breast Milk,
684,06:28:42 05-09-2014,06:37:50 05-09-2014,Left Breast,,,,9,Breast Milk,
683,06:13:00 05-09-2014,06:19:03 05-09-2014,Right Breast,,,,6,Breast Milk,
682,04:58:30 05-09-2014,05:07:22 05-09-2014,Right Breast,,,,8,Breast Milk,
681,04:39:13 05-09-2014,04:45:26 05-09-2014,Right Breast,,,,6,Breast Milk,
680,04:24:33 05-09-2014,04:33:59 05-09-2014,Left Breast,,,,9,Breast Milk,
679,01:50:03 05-09-2014,02:00:08 05-09-2014,Bottle,2.00,59,,10,Liquid,IMPERIAL
678,01:40:36 05-09-2014,01:44:37 05-09-2014,Bottle,1.50,44,,4,Liquid,IMPERIAL
677,22:46:25 05-08-2014,22:52:31 05-08-2014,Right Breast,,,,6,Breast Milk,
676,22:25:15 05-08-2014,22:35:38 05-08-2014,Left Breast,,,,10,Breast Milk,
675,19:11:50 05-08-2014,19:18:16 05-08-2014,Left Breast,,,,6,Breast Milk,
674,18:54:03 05-08-2014,19:04:19 05-08-2014,Right Breast,,,,10,Breast Milk,
673,15:46:32 05-08-2014,16:02:33 05-08-2014,Left Breast,,,,16,Breast Milk,
672,15:22:57 05-08-2014,15:35:24 05-08-2014,Left Breast,,,,12,Breast Milk,
671,15:05:12 05-08-2014,15:22:56 05-08-2014,Right Breast,,,,17,Breast Milk,
670,13:35:21 05-08-2014,13:51:16 05-08-2014,Right Breast,,,,15,Breast Milk,
669,12:41:00 05-08-2014,12:47:09 05-08-2014,Left Breast,,,,6,Breast Milk,
668,12:25:20 05-08-2014,12:40:59 05-08-2014,Right Breast,,,,15,Breast Milk,
667,11:37:34 05-08-2014,11:45:55 05-08-2014,Left Breast,,,,8,Breast Milk,
666,11:08:43 05-08-2014,11:12:44 05-08-2014,Left Breast,,,,4,Breast Milk,
665,10:51:47 05-08-2014,11:04:43 05-08-2014,Right Breast,,,,12,Breast Milk,
663,10:36:33 05-08-2014,10:51:44 05-08-2014,Right Breast,,,,15,Breast Milk,
662,09:11:11 05-08-2014,09:17:13 05-08-2014,Left Breast,,,,6,Breast Milk,
661,08:35:05 05-08-2014,08:45:57 05-08-2014,Left Breast,,,,10,Breast Milk,
660,08:24:07 05-08-2014,08:31:04 05-08-2014,Right Breast,,,,6,Breast Milk,
659,05:52:32 05-08-2014,05:55:00 05-08-2014,Right Breast,,,,2,Breast Milk,
658,05:28:00 05-08-2014,05:43:15 05-08-2014,Left Breast,,,,15,Breast Milk,
657,02:19:38 05-08-2014,02:30:42 05-08-2014,Bottle,2.00,59,,11,Liquid,IMPERIAL
656,02:09:17 05-08-2014,02:14:18 05-08-2014,Bottle,1.75,51,,5,Liquid,IMPERIAL
655,21:47:24 05-07-2014,22:14:24 05-07-2014,Left Breast,,,,27,Breast Milk,
654,21:41:26 05-07-2014,21:46:28 05-07-2014,Right Breast,,,,5,Breast Milk,
653,19:59:46 05-07-2014,20:08:36 05-07-2014,Left Breast,,,,8,Breast Milk,
652,19:34:49 05-07-2014,19:51:50 05-07-2014,Right Breast,,,,17,Breast Milk,
651,19:22:09 05-07-2014,19:28:38 05-07-2014,Right Breast,,,,6,Breast Milk,
650,17:54:21 05-07-2014,18:14:29 05-07-2014,Right Breast,,,,20,Breast Milk,
649,17:05:14 05-07-2014,17:46:16 05-07-2014,Left Breast,,,,41,Breast Milk,
648,15:34:24 05-07-2014,15:44:28 05-07-2014,Left Breast,,,,10,Breast Milk,
647,15:02:39 05-07-2014,15:11:20 05-07-2014,Left Breast,,,,8,Breast Milk,
646,14:25:00 05-07-2014,14:39:01 05-07-2014,Right Breast,,,,14,Breast Milk,
645,14:06:33 05-07-2014,14:24:22 05-07-2014,Right Breast,,,,17,Breast Milk,
644,13:37:02 05-07-2014,13:43:03 05-07-2014,Left Breast,,,,6,Breast Milk,
643,12:48:25 05-07-2014,13:01:01 05-07-2014,Left Breast,,,,12,Breast Milk,
642,12:30:45 05-07-2014,12:40:56 05-07-2014,Right Breast,,,,10,Breast Milk,
641,11:21:41 05-07-2014,11:34:47 05-07-2014,Left Breast,,,,13,Breast Milk,
640,10:56:48 05-07-2014,11:10:04 05-07-2014,Right Breast,,,,13,Breast Milk,
639,08:04:36 05-07-2014,08:14:17 05-07-2014,Left Breast,,,,9,Breast Milk,
638,07:36:35 05-07-2014,07:49:14 05-07-2014,Right Breast,,,,12,Breast Milk,
637,06:12:56 05-07-2014,06:22:19 05-07-2014,Right Breast,,,,9,Breast Milk,
636,04:52:02 05-07-2014,04:54:26 05-07-2014,Right Breast,,,,2,Breast Milk,
635,04:36:48 05-07-2014,04:44:42 05-07-2014,Left Breast,,,,7,Breast Milk,
634,01:41:51 05-07-2014,01:51:53 05-07-2014,Bottle,2.25,66,,10,Liquid,IMPERIAL
633,01:33:50 05-07-2014,01:37:26 05-07-2014,Bottle,1.00,29,,3,Liquid,IMPERIAL
632,21:58:24 05-06-2014,22:15:21 05-06-2014,Left Breast,,,,16,Breast Milk,
631,21:02:31 05-06-2014,21:18:32 05-06-2014,Left Breast,,,,16,Breast Milk,
630,20:30:54 05-06-2014,20:58:33 05-06-2014,Right Breast,,,,27,Breast Milk,
629,18:50:16 05-06-2014,19:06:17 05-06-2014,Right Breast,,,,16,Breast Milk,
628,18:23:43 05-06-2014,18:43:24 05-06-2014,Left Breast,,,,19,Breast Milk,
627,17:23:39 05-06-2014,17:53:21 05-06-2014,Right Breast,,,,29,Breast Milk,
626,16:12:42 05-06-2014,16:33:05 05-06-2014,Left Breast,,,,20,Breast Milk,
625,15:36:21 05-06-2014,15:56:00 05-06-2014,Right Breast,,,,19,Breast Milk,
624,13:46:47 05-06-2014,14:25:19 05-06-2014,Left Breast,,,,38,Breast Milk,
623,13:24:48 05-06-2014,13:35:10 05-06-2014,Right Breast,,,,10,Breast Milk,
622,11:53:32 05-06-2014,12:15:42 05-06-2014,Right Breast,,,,22,Breast Milk,
621,11:29:29 05-06-2014,11:40:21 05-06-2014,Left Breast,,,,10,Breast Milk,
620,09:18:32 05-06-2014,09:38:29 05-06-2014,Right Breast,,,,19,Breast Milk,
619,08:02:01 05-06-2014,08:09:03 05-06-2014,Left Breast,,,,7,Breast Milk,
618,07:43:11 05-06-2014,07:52:57 05-06-2014,Left Breast,,,,9,Breast Milk,
617,06:15:39 05-06-2014,06:29:07 05-06-2014,Left Breast,,,,13,Breast Milk,
616,04:48:41 05-06-2014,05:00:13 05-06-2014,Right Breast,,,,11,Breast Milk,
615,02:19:37 05-06-2014,02:26:29 05-06-2014,Left Breast,,,,6,Breast Milk,
614,02:01:22 05-06-2014,02:19:36 05-06-2014,Bottle,3.00,88,,18,Liquid,IMPERIAL
613,21:45:09 05-05-2014,21:55:10 05-05-2014,Bottle,3.25,96,,10,Liquid,IMPERIAL
612,20:02:54 05-05-2014,20:12:37 05-05-2014,Left Breast,,,,9,Breast Milk,
611,19:23:45 05-05-2014,19:32:21 05-05-2014,Right Breast,,,,8,Breast Milk,
610,18:29:18 05-05-2014,18:39:05 05-05-2014,Right Breast,,,,9,Breast Milk,
609,18:18:58 05-05-2014,18:29:17 05-05-2014,Left Breast,,,,10,Breast Milk,
608,18:05:21 05-05-2014,18:09:24 05-05-2014,Left Breast,,,,4,Breast Milk,
607,17:46:42 05-05-2014,17:50:04 05-05-2014,Right Breast,,,,3,Breast Milk,
606,17:33:55 05-05-2014,17:43:41 05-05-2014,Left Breast,,,,9,Breast Milk,
605,17:19:21 05-05-2014,17:28:42 05-05-2014,Left Breast,,,,9,Breast Milk,
604,16:21:59 05-05-2014,16:33:01 05-05-2014,Left Breast,,,,11,Breast Milk,
603,15:57:40 05-05-2014,16:04:54 05-05-2014,Right Breast,,,,7,Breast Milk,
602,15:41:23 05-05-2014,15:51:32 05-05-2014,Left Breast,,,,10,Breast Milk,
601,15:23:19 05-05-2014,15:33:40 05-05-2014,Left Breast,,,,10,Breast Milk,
600,14:43:38 05-05-2014,14:50:30 05-05-2014,Right Breast,,,,6,Breast Milk,
599,14:04:50 05-05-2014,14:14:57 05-05-2014,Right Breast,,,,10,Breast Milk,
598,13:49:30 05-05-2014,13:54:09 05-05-2014,Right Breast,,,,4,Breast Milk,
597,12:26:34 05-05-2014,12:39:08 05-05-2014,Left Breast,,,,12,Breast Milk,
596,11:03:11 05-05-2014,11:06:20 05-05-2014,Left Breast,,,,3,Breast Milk,
595,10:44:09 05-05-2014,10:57:05 05-05-2014,Right Breast,,,,12,Breast Milk,
594,09:11:46 05-05-2014,09:15:09 05-05-2014,Right Breast,,,,3,Breast Milk,
593,08:49:13 05-05-2014,09:00:04 05-05-2014,Left Breast,,,,10,Breast Milk,
592,08:27:30 05-05-2014,08:37:53 05-05-2014,Left Breast,,,,10,Breast Milk,
591,07:20:26 05-05-2014,07:28:12 05-05-2014,Left Breast,,,,7,Breast Milk,
590,06:38:30 05-05-2014,07:12:14 05-05-2014,Right Breast,,,,33,Breast Milk,
589,04:53:07 05-05-2014,05:28:05 05-05-2014,Left Breast,,,,34,Breast Milk,
588,03:44:01 05-05-2014,03:54:32 05-05-2014,Right Breast,,,,10,Breast Milk,
587,03:27:23 05-05-2014,03:37:29 05-05-2014,Right Breast,,,,10,Breast Milk,
586,23:52:43 05-04-2014,00:28:34 05-05-2014,Left Breast,,,,35,Breast Milk,
585,23:02:43 05-04-2014,23:10:29 05-04-2014,Bottle,1.00,29,,7,Liquid,IMPERIAL
584,22:51:39 05-04-2014,22:59:12 05-04-2014,Bottle,1.50,44,,7,Liquid,IMPERIAL
583,21:04:55 05-04-2014,21:24:27 05-04-2014,Right Breast,,,,19,Breast Milk,
582,20:36:37 05-04-2014,20:51:44 05-04-2014,Left Breast,,,,15,Breast Milk,
581,19:20:44 05-04-2014,19:35:40 05-04-2014,Right Breast,,,,14,Breast Milk,
580,19:01:49 05-04-2014,19:10:58 05-04-2014,Right Breast,,,,9,Breast Milk,
579,17:35:41 05-04-2014,17:55:56 05-04-2014,Right Breast,,,,20,Breast Milk,
578,17:24:00 05-04-2014,17:35:38 05-04-2014,Left Breast,,,,11,Breast Milk,
577,17:00:48 05-04-2014,17:11:03 05-04-2014,Right Breast,,,,10,Breast Milk,
576,15:24:49 05-04-2014,15:41:22 05-04-2014,Right Breast,,,,16,Breast Milk,
575,15:01:29 05-04-2014,15:16:49 05-04-2014,Left Breast,,,,15,Breast Milk,
574,13:10:57 05-04-2014,13:25:24 05-04-2014,Left Breast,,,,14,Breast Milk,
573,12:45:55 05-04-2014,12:56:05 05-04-2014,Right Breast,,,,10,Breast Milk,
572,11:28:46 05-04-2014,11:39:14 05-04-2014,Right Breast,,,,10,Breast Milk,
571,10:42:14 05-04-2014,11:05:29 05-04-2014,Left Breast,,,,23,Breast Milk,
570,09:16:07 05-04-2014,09:36:20 05-04-2014,Left Breast,,,,20,Breast Milk,
569,08:42:23 05-04-2014,08:57:00 05-04-2014,Right Breast,,,,14,Breast Milk,
568,07:19:55 05-04-2014,07:29:36 05-04-2014,Left Breast,,,,9,Breast Milk,
567,05:39:42 05-04-2014,05:56:08 05-04-2014,Right Breast,,,,16,Breast Milk,
566,03:57:20 05-04-2014,04:11:55 05-04-2014,Left Breast,,,,14,Breast Milk,
565,01:41:48 05-04-2014,01:49:45 05-04-2014,Bottle,1.50,44,,7,Liquid,IMPERIAL
564,01:25:30 05-04-2014,01:31:43 05-04-2014,Bottle,2.00,59,,6,Liquid,IMPERIAL
563,22:13:30 05-03-2014,22:24:55 05-03-2014,Right Breast,,,,11,Breast Milk,
562,21:54:14 05-03-2014,22:05:13 05-03-2014,Left Breast,,,,10,Breast Milk,
561,19:47:10 05-03-2014,19:56:16 05-03-2014,Left Breast,,,,9,Breast Milk,
560,18:44:57 05-03-2014,18:54:40 05-03-2014,Right Breast,,,,9,Breast Milk,
559,18:32:17 05-03-2014,18:39:24 05-03-2014,Right Breast,,,,7,Breast Milk,
558,18:06:33 05-03-2014,18:22:07 05-03-2014,Left Breast,,,,15,Breast Milk,
557,16:05:11 05-03-2014,16:19:12 05-03-2014,Left Breast,,,,14,Breast Milk,
556,15:33:23 05-03-2014,15:48:17 05-03-2014,Right Breast,,,,14,Breast Milk,
555,14:15:31 05-03-2014,14:31:22 05-03-2014,Left Breast,,,,15,Breast Milk,
554,13:16:47 05-03-2014,13:23:48 05-03-2014,Left Breast,,,,7,Breast Milk,
553,12:53:07 05-03-2014,13:03:29 05-03-2014,Right Breast,,,,10,Breast Milk,
552,11:19:48 05-03-2014,11:40:52 05-03-2014,Left Breast,,,,21,Breast Milk,
551,10:35:29 05-03-2014,10:47:58 05-03-2014,Right Breast,,,,12,Breast Milk,
550,08:52:16 05-03-2014,09:07:27 05-03-2014,Left Breast,,,,15,Breast Milk,
549,06:14:14 05-03-2014,06:19:50 05-03-2014,Left Breast,,,,5,Breast Milk,
548,05:52:51 05-03-2014,06:05:10 05-03-2014,Right Breast,,,,12,Breast Milk,
547,03:15:34 05-03-2014,03:21:17 05-03-2014,Right Breast,,,,5,Breast Milk,
545,02:58:38 05-03-2014,03:07:27 05-03-2014,Left Breast,,,,8,Breast Milk,
544,23:55:14 05-02-2014,00:02:00 05-03-2014,Bottle,1.50,44,,6,Liquid,IMPERIAL
543,23:45:23 05-02-2014,23:49:27 05-02-2014,Bottle,0.50,14,,4,Liquid,IMPERIAL
542,23:27:54 05-02-2014,23:32:44 05-02-2014,Bottle,2.00,59,,4,Liquid,IMPERIAL
541,20:34:33 05-02-2014,20:50:50 05-02-2014,Right Breast,,,,16,Breast Milk,
540,20:04:27 05-02-2014,20:20:24 05-02-2014,Left Breast,,,,15,Breast Milk,
539,19:51:24 05-02-2014,20:03:01 05-02-2014,Right Breast,,,,11,Breast Milk,
538,18:22:46 05-02-2014,18:32:47 05-02-2014,Right Breast,,,,10,Breast Milk,
537,18:01:54 05-02-2014,18:12:24 05-02-2014,Left Breast,,,,10,Breast Milk,
535,16:55:40 05-02-2014,17:08:47 05-02-2014,Left Breast,,,,13,Breast Milk,
534,16:35:39 05-02-2014,16:51:42 05-02-2014,Right Breast,,,,16,Breast Milk,
533,16:19:36 05-02-2014,16:28:29 05-02-2014,Right Breast,,,,8,Breast Milk,
532,15:18:33 05-02-2014,15:26:35 05-02-2014,Left Breast,,,,8,Breast Milk,
531,14:10:52 05-02-2014,14:16:54 05-02-2014,Right Breast,,,,6,Breast Milk,
530,12:48:23 05-02-2014,13:02:16 05-02-2014,Left Breast,,,,13,Breast Milk,
529,11:21:19 05-02-2014,11:31:27 05-02-2014,Left Breast,,,,10,Breast Milk,
528,11:09:42 05-02-2014,11:13:35 05-02-2014,Right Breast,,,,3,Breast Milk,
527,09:11:53 05-02-2014,09:35:16 05-02-2014,Right Breast,,,,23,Breast Milk,
526,08:45:06 05-02-2014,08:55:07 05-02-2014,Left Breast,,,,10,Breast Milk,
525,07:19:33 05-02-2014,07:40:05 05-02-2014,Left Breast,,,,20,Breast Milk,
524,05:39:28 05-02-2014,05:57:46 05-02-2014,Left Breast,,,,18,Breast Milk,
523,05:19:20 05-02-2014,05:29:26 05-02-2014,Right Breast,,,,10,Breast Milk,
522,04:04:28 05-02-2014,04:04:32 05-02-2014,Right Breast,,,,0,Breast Milk,
521,03:24:11 05-02-2014,04:02:31 05-02-2014,Left Breast,,,,38,Breast Milk,
520,01:02:13 05-02-2014,01:10:45 05-02-2014,Bottle,2.50,73,,8,Liquid,IMPERIAL
519,22:47:00 05-01-2014,22:52:58 05-01-2014,Left Breast,,,,5,Breast Milk,
518,22:23:11 05-01-2014,22:38:13 05-01-2014,Right Breast,,,,15,Breast Milk,
517,21:33:38 05-01-2014,21:48:43 05-01-2014,Right Breast,,,,15,Breast Milk,
516,21:07:51 05-01-2014,21:17:41 05-01-2014,Left Breast,,,,9,Breast Milk,
515,19:30:42 05-01-2014,19:35:20 05-01-2014,Left Breast,,,,4,Breast Milk,
514,18:54:02 05-01-2014,19:09:23 05-01-2014,Left Breast,,,,15,Breast Milk,
513,18:09:30 05-01-2014,18:19:40 05-01-2014,Right Breast,,,,10,Breast Milk,
512,16:54:00 05-01-2014,17:11:05 05-01-2014,Right Breast,,,,17,Breast Milk,
511,16:34:57 05-01-2014,16:42:54 05-01-2014,Left Breast,,,,7,Breast Milk,
509,14:02:10 05-01-2014,14:35:04 05-01-2014,Left Breast,,,,32,Breast Milk,
508,13:41:55 05-01-2014,14:02:09 05-01-2014,Right Breast,,,,20,Breast Milk,
507,13:08:28 05-01-2014,13:16:19 05-01-2014,Left Breast,,,,7,Breast Milk,
506,11:14:37 05-01-2014,11:14:38 05-01-2014,Left Breast,,,,0,Breast Milk,
505,10:17:41 05-01-2014,10:29:34 05-01-2014,Right Breast,,,,11,Breast Milk,
503,08:59:34 05-01-2014,09:06:54 05-01-2014,Right Breast,,,,7,Breast Milk,
502,08:13:39 05-01-2014,08:23:33 05-01-2014,Left Breast,,,,9,Breast Milk,
501,06:25:53 05-01-2014,06:46:16 05-01-2014,Left Breast,,,,20,Breast Milk,
500,05:52:07 05-01-2014,06:09:20 05-01-2014,Right Breast,,,,17,Breast Milk,
499,04:51:18 05-01-2014,04:55:37 05-01-2014,Right Breast,,,,4,Breast Milk,
498,04:20:23 05-01-2014,04:45:24 05-01-2014,Left Breast,,,,25,Breast Milk,
497,01:58:42 05-01-2014,03:05:22 05-01-2014,Right Breast,,,,66,Breast Milk,
496,00:14:33 05-01-2014,00:34:14 05-01-2014,Right Breast,,,,19,Breast Milk,
495,23:58:27 04-30-2014,00:08:33 05-01-2014,Left Breast,,,,10,Breast Milk,
494,21:11:44 04-30-2014,21:21:52 04-30-2014,Right Breast,,,,10,Breast Milk,
493,20:16:46 04-30-2014,20:36:56 04-30-2014,Left Breast,,,,20,Breast Milk,
492,19:59:34 04-30-2014,20:09:39 04-30-2014,Right Breast,,,,10,Breast Milk,
491,18:57:37 04-30-2014,19:08:38 04-30-2014,Right Breast,,,,11,Breast Milk,
490,18:28:57 04-30-2014,18:33:59 04-30-2014,Left Breast,,,,5,Breast Milk,
489,17:29:24 04-30-2014,17:50:04 04-30-2014,Left Breast,,,,20,Breast Milk,
488,16:53:35 04-30-2014,17:05:38 04-30-2014,Right Breast,,,,12,Breast Milk,
487,15:45:51 04-30-2014,15:49:50 04-30-2014,Right Breast,,,,3,Breast Milk,
486,15:26:59 04-30-2014,15:38:48 04-30-2014,Left Breast,,,,11,Breast Milk,
485,13:57:40 04-30-2014,14:13:29 04-30-2014,Left Breast,,,,15,Breast Milk,
484,13:25:49 04-30-2014,13:37:32 04-30-2014,Left Breast,,,,11,Breast Milk,
483,13:05:53 04-30-2014,13:16:06 04-30-2014,Right Breast,,,,10,Breast Milk,
482,12:02:21 04-30-2014,12:06:11 04-30-2014,Right Breast,,,,3,Breast Milk,
481,11:46:31 04-30-2014,11:57:12 04-30-2014,Left Breast,,,,10,Breast Milk,
480,10:49:34 04-30-2014,10:57:23 04-30-2014,Left Breast,,,,7,Breast Milk,
479,09:31:54 04-30-2014,09:45:32 04-30-2014,Right Breast,,,,13,Breast Milk,
478,09:08:37 04-30-2014,09:26:39 04-30-2014,Left Breast,,,,18,Breast Milk,
477,07:48:44 04-30-2014,07:58:47 04-30-2014,Left Breast,,,,10,Breast Milk,
476,05:18:18 04-30-2014,05:23:31 04-30-2014,Left Breast,,,,5,Breast Milk,
475,05:02:19 04-30-2014,05:13:02 04-30-2014,Right Breast,,,,10,Breast Milk,
474,03:04:42 04-30-2014,03:17:07 04-30-2014,Right Breast,,,,12,Breast Milk,
473,00:53:30 04-30-2014,01:01:20 04-30-2014,Left Breast,,,,7,Breast Milk,
472,00:03:34 04-30-2014,00:29:15 04-30-2014,Bottle,2.00,59,,25,Liquid,IMPERIAL
470,21:50:31 04-29-2014,22:00:05 04-29-2014,Left Breast,,,,9,Breast Milk,
469,21:05:16 04-29-2014,21:19:44 04-29-2014,Left Breast,,,,14,Breast Milk,
468,20:37:48 04-29-2014,20:49:38 04-29-2014,Right Breast,,,,11,Breast Milk,
467,18:51:00 04-29-2014,18:58:46 04-29-2014,Right Breast,,,,7,Breast Milk,
466,18:29:57 04-29-2014,18:42:01 04-29-2014,Left Breast,,,,12,Breast Milk,
465,15:22:45 04-29-2014,15:37:55 04-29-2014,Left Breast,,,,15,Breast Milk,
464,15:06:14 04-29-2014,15:22:44 04-29-2014,Right Breast,,,,16,Breast Milk,
463,13:26:09 04-29-2014,13:31:28 04-29-2014,Left Breast,,,,5,Breast Milk,
462,13:05:57 04-29-2014,13:16:08 04-29-2014,Right Breast,,,,10,Breast Milk,
461,11:54:24 04-29-2014,12:09:31 04-29-2014,Right Breast,,,,15,Breast Milk,
460,11:37:31 04-29-2014,11:47:40 04-29-2014,Left Breast,,,,10,Breast Milk,
459,10:44:07 04-29-2014,10:51:10 04-29-2014,Left Breast,,,,7,Breast Milk,
458,09:51:42 04-29-2014,10:02:04 04-29-2014,Left Breast,,,,10,Breast Milk,
457,09:31:21 04-29-2014,09:41:49 04-29-2014,Right Breast,,,,10,Breast Milk,
456,07:32:20 04-29-2014,07:44:01 04-29-2014,Right Breast,,,,11,Breast Milk,
455,07:13:20 04-29-2014,07:25:11 04-29-2014,Left Breast,,,,11,Breast Milk,
454,05:45:03 04-29-2014,05:53:26 04-29-2014,Left Breast,,,,8,Breast Milk,
453,05:23:46 04-29-2014,05:31:57 04-29-2014,Right Breast,,,,8,Breast Milk,
452,03:46:00 04-29-2014,03:57:30 04-29-2014,Left Breast,,,,11,Breast Milk,
451,03:26:48 04-29-2014,03:36:56 04-29-2014,Right Breast,,,,10,Breast Milk,
450,00:51:42 04-29-2014,00:59:52 04-29-2014,Right Breast,,,,8,Breast Milk,
449,00:31:49 04-29-2014,00:45:39 04-29-2014,Left Breast,,,,13,Breast Milk,
448,20:42:39 04-28-2014,20:47:47 04-28-2014,Left Breast,,,,5,Breast Milk,
447,20:17:01 04-28-2014,20:27:05 04-28-2014,Left Breast,,,,10,Breast Milk,
446,19:42:25 04-28-2014,19:53:30 04-28-2014,Right Breast,,,,11,Breast Milk,
445,19:16:35 04-28-2014,19:22:55 04-28-2014,Right Breast,,,,6,Breast Milk,
444,18:13:56 04-28-2014,18:24:12 04-28-2014,Right Breast,,,,10,Breast Milk,
443,17:51:58 04-28-2014,18:02:05 04-28-2014,Left Breast,,,,10,Breast Milk,
442,17:29:39 04-28-2014,17:40:18 04-28-2014,Left Breast,,,,10,Breast Milk,
441,15:58:09 04-28-2014,16:12:59 04-28-2014,Right Breast,,,,14,Breast Milk,
440,15:36:10 04-28-2014,15:56:15 04-28-2014,Left Breast,,,,20,Breast Milk,
439,15:04:09 04-28-2014,15:19:54 04-28-2014,Right Breast,,,,15,Breast Milk,
438,13:26:24 04-28-2014,13:50:33 04-28-2014,Left Breast,,,,24,Breast Milk,
437,11:53:09 04-28-2014,12:08:34 04-28-2014,Right Breast,,,,15,Breast Milk,
436,10:18:09 04-28-2014,10:37:43 04-28-2014,Right Breast,,,,19,Breast Milk,
435,09:44:28 04-28-2014,09:58:31 04-28-2014,Left Breast,,,,14,Breast Milk,
434,07:44:31 04-28-2014,07:54:39 04-28-2014,Left Breast,,,,10,Breast Milk,
433,07:19:51 04-28-2014,07:32:58 04-28-2014,Right Breast,,,,13,Breast Milk,
432,05:56:17 04-28-2014,06:07:39 04-28-2014,Left Breast,,,,11,Breast Milk,
431,04:19:17 04-28-2014,04:34:22 04-28-2014,Left Breast,,,,15,Breast Milk,
430,03:47:40 04-28-2014,04:17:53 04-28-2014,Right Breast,,,,30,Breast Milk,
429,01:48:13 04-28-2014,01:55:37 04-28-2014,Right Breast,,,,7,Breast Milk,
427,01:01:17 04-28-2014,01:29:33 04-28-2014,Left Breast,,,,28,Breast Milk,
426,22:54:25 04-27-2014,23:52:49 04-27-2014,Right Breast,,,,58,Breast Milk,
425,21:21:54 04-27-2014,21:37:01 04-27-2014,Right Breast,,,,15,Breast Milk,
424,21:05:49 04-27-2014,21:07:40 04-27-2014,Left Breast,,,,1,Breast Milk,
423,20:15:08 04-27-2014,20:25:13 04-27-2014,Left Breast,,,,10,Breast Milk,
422,19:28:59 04-27-2014,19:44:06 04-27-2014,Right Breast,,,,15,Breast Milk,
421,19:01:13 04-27-2014,19:16:24 04-27-2014,Left Breast,,,,15,Breast Milk,
420,17:50:53 04-27-2014,18:12:41 04-27-2014,Left Breast,,,,21,Breast Milk,
419,17:21:04 04-27-2014,17:40:44 04-27-2014,Right Breast,,,,19,Breast Milk,
418,15:49:18 04-27-2014,15:58:22 04-27-2014,Right Breast,,,,9,Breast Milk,
417,15:32:15 04-27-2014,15:43:07 04-27-2014,Left Breast,,,,10,Breast Milk,
416,13:38:22 04-27-2014,13:53:34 04-27-2014,Left Breast,,,,15,Breast Milk,
415,13:19:51 04-27-2014,13:31:08 04-27-2014,Right Breast,,,,11,Breast Milk,
414,10:55:34 04-27-2014,11:05:44 04-27-2014,Right Breast,,,,10,Breast Milk,
413,10:40:54 04-27-2014,10:49:58 04-27-2014,Left Breast,,,,9,Breast Milk,
412,09:08:39 04-27-2014,09:25:04 04-27-2014,Left Breast,,,,16,Breast Milk,
411,08:45:01 04-27-2014,08:55:34 04-27-2014,Right Breast,,,,10,Breast Milk,
410,07:15:03 04-27-2014,07:25:23 04-27-2014,Left Breast,,,,10,Breast Milk,
409,04:35:19 04-27-2014,04:47:05 04-27-2014,Right Breast,,,,11,Breast Milk,
408,03:27:45 04-27-2014,04:16:07 04-27-2014,Left Breast,,,,48,Breast Milk,
407,01:15:01 04-27-2014,01:19:42 04-27-2014,Left Breast,,,,4,Breast Milk,
406,01:03:39 04-27-2014,01:14:06 04-27-2014,Right Breast,,,,10,Breast Milk,
405,00:51:49 04-27-2014,01:02:40 04-27-2014,Bottle,1.75,51,,10,Liquid,IMPERIAL
404,22:01:07 04-26-2014,22:21:11 04-26-2014,Left Breast,,,,20,Breast Milk,
403,21:31:29 04-26-2014,21:47:29 04-26-2014,Right Breast,,,,16,Breast Milk,
402,20:06:55 04-26-2014,20:17:19 04-26-2014,Left Breast,,,,10,Breast Milk,
401,19:43:27 04-26-2014,19:53:41 04-26-2014,Left Breast,,,,10,Breast Milk,
400,18:20:14 04-26-2014,18:30:20 04-26-2014,Left Breast,,,,10,Breast Milk,
399,18:02:02 04-26-2014,18:11:15 04-26-2014,Right Breast,,,,9,Breast Milk,
398,16:37:15 04-26-2014,16:45:45 04-26-2014,Right Breast,,,,8,Breast Milk,
397,16:03:20 04-26-2014,16:13:14 04-26-2014,Left Breast,,,,9,Breast Milk,
396,14:00:44 04-26-2014,14:10:48 04-26-2014,Bottle,1.00,29,,10,Liquid,IMPERIAL
395,13:34:12 04-26-2014,13:38:06 04-26-2014,Left Breast,,,,3,Breast Milk,
394,11:55:10 04-26-2014,12:02:28 04-26-2014,Left Breast,,,,7,Breast Milk,
393,11:37:25 04-26-2014,11:55:04 04-26-2014,Right Breast,,,,17,Breast Milk,
392,09:37:55 04-26-2014,09:46:27 04-26-2014,Right Breast,,,,8,Breast Milk,
391,08:35:18 04-26-2014,08:46:32 04-26-2014,Left Breast,,,,11,Breast Milk,
390,07:29:38 04-26-2014,07:38:16 04-26-2014,Left Breast,,,,8,Breast Milk,
389,07:06:52 04-26-2014,07:22:01 04-26-2014,Right Breast,,,,15,Breast Milk,
388,06:02:35 04-26-2014,06:29:22 04-26-2014,Left Breast,,,,26,Breast Milk,
387,03:37:38 04-26-2014,03:47:32 04-26-2014,Left Breast,,,,9,Breast Milk,
386,03:21:46 04-26-2014,03:31:26 04-26-2014,Right Breast,,,,9,Breast Milk,
385,00:58:15 04-26-2014,01:42:47 04-26-2014,Right Breast,,,,44,Breast Milk,
384,22:11:24 04-25-2014,22:31:37 04-25-2014,Left Breast,,,,20,Breast Milk,
383,21:25:16 04-25-2014,21:35:21 04-25-2014,Left Breast,,,,10,Breast Milk,
382,21:02:03 04-25-2014,21:19:30 04-25-2014,Right Breast,,,,17,Breast Milk,
381,20:08:05 04-25-2014,20:15:48 04-25-2014,Left Breast,,,,7,Breast Milk,
380,19:05:23 04-25-2014,19:11:27 04-25-2014,Left Breast,,,,6,Breast Milk,
379,18:48:35 04-25-2014,18:59:37 04-25-2014,Right Breast,,,,11,Breast Milk,
378,18:04:46 04-25-2014,18:24:39 04-25-2014,Left Breast,,,,19,Breast Milk,
377,17:19:42 04-25-2014,17:29:59 04-25-2014,Right Breast,,,,10,Breast Milk,
376,16:35:07 04-25-2014,16:40:16 04-25-2014,Right Breast,,,,5,Breast Milk,
375,16:11:30 04-25-2014,16:16:06 04-25-2014,Left Breast,,,,4,Breast Milk,
374,14:45:14 04-25-2014,14:48:42 04-25-2014,Right Breast,,,,3,Breast Milk,
373,14:21:25 04-25-2014,14:37:55 04-25-2014,Left Breast,,,,16,Breast Milk,
372,11:34:42 04-25-2014,11:43:45 04-25-2014,Left Breast,,,,9,Breast Milk,
371,11:02:44 04-25-2014,11:07:46 04-25-2014,Left Breast,,,,5,Breast Milk,
370,10:43:20 04-25-2014,11:02:44 04-25-2014,Right Breast,,,,19,Breast Milk,
369,08:53:56 04-25-2014,09:04:01 04-25-2014,Right Breast,,,,10,Breast Milk,
368,08:21:23 04-25-2014,08:31:28 04-25-2014,Left Breast,,,,10,Breast Milk,
367,07:07:47 04-25-2014,07:13:59 04-25-2014,Left Breast,,,,6,Breast Milk,
366,06:53:18 04-25-2014,07:03:21 04-25-2014,Right Breast,,,,10,Breast Milk,
365,04:10:05 04-25-2014,04:14:02 04-25-2014,Right Breast,,,,3,Breast Milk,
364,03:50:57 04-25-2014,04:03:24 04-25-2014,Left Breast,,,,12,Breast Milk,
363,01:18:26 04-25-2014,01:35:08 04-25-2014,Left Breast,,,,16,Breast Milk,
362,00:19:49 04-25-2014,00:30:01 04-25-2014,Right Breast,,,,10,Breast Milk,
361,21:41:50 04-24-2014,21:48:59 04-24-2014,Right Breast,,,,7,Breast Milk,
360,20:55:26 04-24-2014,21:03:49 04-24-2014,Right Breast,,,,8,Breast Milk,
359,20:29:21 04-24-2014,20:39:30 04-24-2014,Left Breast,,,,10,Breast Milk,
358,18:57:15 04-24-2014,19:08:00 04-24-2014,Left Breast,,,,10,Breast Milk,
357,18:29:09 04-24-2014,18:39:18 04-24-2014,Right Breast,,,,10,Breast Milk,
356,17:23:52 04-24-2014,17:30:09 04-24-2014,Left Breast,,,,6,Breast Milk,
355,16:50:19 04-24-2014,16:55:32 04-24-2014,Left Breast,,,,5,Breast Milk,
354,16:38:12 04-24-2014,16:46:18 04-24-2014,Left Breast,,,,8,Breast Milk,
353,16:20:29 04-24-2014,16:36:00 04-24-2014,Right Breast,,,,15,Breast Milk,
352,14:47:24 04-24-2014,14:54:53 04-24-2014,Left Breast,,,,7,Breast Milk,
351,13:10:13 04-24-2014,13:21:53 04-24-2014,Left Breast,,,,11,Breast Milk,
350,12:54:26 04-24-2014,13:03:59 04-24-2014,Right Breast,,,,9,Breast Milk,
349,11:17:29 04-24-2014,11:29:13 04-24-2014,Right Breast,,,,11,Breast Milk,
348,10:38:31 04-24-2014,10:45:54 04-24-2014,Left Breast,,,,7,Breast Milk,
347,08:41:59 04-24-2014,08:54:01 04-24-2014,Left Breast,,,,12,Breast Milk,
346,08:12:43 04-24-2014,08:22:09 04-24-2014,Right Breast,,,,9,Breast Milk,
345,06:42:18 04-24-2014,06:45:54 04-24-2014,Right Breast,,,,3,Breast Milk,
344,06:28:15 04-24-2014,06:36:05 04-24-2014,Left Breast,,,,7,Breast Milk,
343,03:45:13 04-24-2014,03:53:18 04-24-2014,Left Breast,,,,8,Breast Milk,
342,03:26:28 04-24-2014,03:37:45 04-24-2014,Right Breast,,,,11,Breast Milk,
341,01:21:43 04-24-2014,01:39:45 04-24-2014,Left Breast,,,,18,Breast Milk,
340,00:20:34 04-24-2014,00:39:01 04-24-2014,Right Breast,,,,18,Breast Milk,
339,21:41:18 04-23-2014,21:46:12 04-23-2014,Left Breast,,,,4,Breast Milk,
338,21:29:28 04-23-2014,21:33:30 04-23-2014,Right Breast,,,,4,Breast Milk,
337,20:18:47 04-23-2014,20:26:29 04-23-2014,Left Breast,,,,7,Breast Milk,
336,19:50:15 04-23-2014,20:00:02 04-23-2014,Right Breast,,,,9,Breast Milk,
335,18:59:12 04-23-2014,19:07:28 04-23-2014,Right Breast,,,,8,Breast Milk,
333,18:19:36 04-23-2014,18:31:11 04-23-2014,Left Breast,,,,11,Breast Milk,
334,18:05:23 04-23-2014,18:18:25 04-23-2014,Right Breast,,,,13,Breast Milk,
332,14:47:59 04-23-2014,14:58:14 04-23-2014,Left Breast,,,,10,Breast Milk,
331,14:04:19 04-23-2014,14:07:14 04-23-2014,Left Breast,,,,2,Breast Milk,
330,13:33:17 04-23-2014,13:54:05 04-23-2014,Right Breast,,,,20,Breast Milk,
329,11:15:14 04-23-2014,11:23:02 04-23-2014,Left Breast,,,,7,Breast Milk,
328,10:41:17 04-23-2014,11:01:26 04-23-2014,Right Breast,,,,20,Breast Milk,
327,08:21:11 04-23-2014,08:38:08 04-23-2014,Left Breast,,,,16,Breast Milk,
326,07:47:52 04-23-2014,08:04:45 04-23-2014,Right Breast,,,,16,Breast Milk,
325,06:23:17 04-23-2014,06:26:26 04-23-2014,Right Breast,,,,3,Breast Milk,
324,05:46:24 04-23-2014,05:55:46 04-23-2014,Left Breast,,,,9,Breast Milk,
323,03:26:55 04-23-2014,03:37:29 04-23-2014,Left Breast,,,,10,Breast Milk,
322,03:07:14 04-23-2014,03:18:44 04-23-2014,Right Breast,,,,11,Breast Milk,
321,00:43:17 04-23-2014,00:48:18 04-23-2014,Right Breast,,,,5,Breast Milk,
320,00:25:12 04-23-2014,00:33:50 04-23-2014,Left Breast,,,,8,Breast Milk,
319,22:13:35 04-22-2014,22:20:54 04-22-2014,Right Breast,,,,7,Breast Milk,
318,21:53:02 04-22-2014,22:03:11 04-22-2014,Left Breast,,,,10,Breast Milk,
317,19:06:06 04-22-2014,19:16:20 04-22-2014,Left Breast,,,,10,Breast Milk,
316,18:33:00 04-22-2014,18:48:19 04-22-2014,Right Breast,,,,15,Breast Milk,
315,18:01:35 04-22-2014,18:04:09 04-22-2014,Right Breast,,,,2,Breast Milk,
314,17:03:56 04-22-2014,17:08:24 04-22-2014,Right Breast,,,,4,Breast Milk,
313,16:34:43 04-22-2014,16:47:44 04-22-2014,Left Breast,,,,13,Breast Milk,
312,13:45:08 04-22-2014,13:58:31 04-22-2014,Left Breast,,,,13,Breast Milk,
311,13:18:57 04-22-2014,13:32:06 04-22-2014,Right Breast,,,,13,Breast Milk,
310,11:39:51 04-22-2014,12:39:56 04-22-2014,Right Breast,,,,60,Breast Milk,
309,11:26:04 04-22-2014,11:35:57 04-22-2014,Left Breast,,,,9,Breast Milk,
308,09:42:02 04-22-2014,09:52:45 04-22-2014,Right Breast,,,,10,Breast Milk,
307,09:26:01 04-22-2014,09:30:52 04-22-2014,Left Breast,,,,4,Breast Milk,
306,08:24:15 04-22-2014,08:34:17 04-22-2014,Left Breast,,,,10,Breast Milk,
305,07:18:30 04-22-2014,07:32:13 04-22-2014,Right Breast,,,,13,Breast Milk,
304,06:36:07 04-22-2014,06:39:54 04-22-2014,Right Breast,,,,3,Breast Milk,
303,06:16:31 04-22-2014,06:25:47 04-22-2014,Left Breast,,,,9,Breast Milk,
302,03:40:11 04-22-2014,03:50:35 04-22-2014,Left Breast,,,,10,Breast Milk,
301,03:24:08 04-22-2014,03:31:06 04-22-2014,Right Breast,,,,6,Breast Milk,
300,01:18:08 04-22-2014,01:23:44 04-22-2014,Right Breast,,,,5,Breast Milk,
299,00:58:34 04-22-2014,01:09:04 04-22-2014,Left Breast,,,,10,Breast Milk,
298,21:38:08 04-21-2014,21:53:21 04-21-2014,Left Breast,,,,15,Breast Milk,
297,21:06:57 04-21-2014,21:22:15 04-21-2014,Right Breast,,,,15,Breast Milk,
296,20:05:29 04-21-2014,20:18:02 04-21-2014,Right Breast,,,,12,Breast Milk,
295,19:38:35 04-21-2014,19:53:40 04-21-2014,Left Breast,,,,15,Breast Milk,
294,18:02:03 04-21-2014,18:22:19 04-21-2014,Left Breast,,,,20,Breast Milk,
293,17:24:39 04-21-2014,17:39:23 04-21-2014,Right Breast,,,,14,Breast Milk,
292,16:06:59 04-21-2014,16:27:17 04-21-2014,Right Breast,,,,20,Breast Milk,
291,15:36:31 04-21-2014,15:53:59 04-21-2014,Left Breast,,,,17,Breast Milk,
290,13:35:58 04-21-2014,13:48:06 04-21-2014,Left Breast,,,,12,Breast Milk,
289,13:09:37 04-21-2014,13:22:21 04-21-2014,Right Breast,,,,12,Breast Milk,
288,11:23:19 04-21-2014,11:27:24 04-21-2014,Right Breast,,,,4,Breast Milk,
287,11:00:22 04-21-2014,11:05:31 04-21-2014,Left Breast,,,,5,Breast Milk,
286,08:52:36 04-21-2014,08:59:49 04-21-2014,Left Breast,,,,7,Breast Milk,
285,08:26:13 04-21-2014,08:41:21 04-21-2014,Right Breast,,,,15,Breast Milk,
284,06:56:08 04-21-2014,07:00:02 04-21-2014,Right Breast,,,,3,Breast Milk,
283,06:36:00 04-21-2014,06:44:45 04-21-2014,Left Breast,,,,8,Breast Milk,
282,05:02:28 04-21-2014,05:08:21 04-21-2014,Left Breast,,,,5,Breast Milk,
281,04:43:18 04-21-2014,04:53:04 04-21-2014,Right Breast,,,,9,Breast Milk,
280,03:23:47 04-21-2014,03:35:33 04-21-2014,Left Breast,,,,11,Breast Milk,
279,00:31:45 04-21-2014,00:41:42 04-21-2014,Left Breast,,,,9,Breast Milk,
278,00:07:10 04-21-2014,00:21:51 04-21-2014,Right Breast,,,,14,Breast Milk,
277,21:45:11 04-20-2014,21:54:07 04-20-2014,Right Breast,,,,8,Breast Milk,
276,21:24:15 04-20-2014,21:35:18 04-20-2014,Left Breast,,,,11,Breast Milk,
275,20:38:07 04-20-2014,20:44:27 04-20-2014,Left Breast,,,,6,Breast Milk,
274,20:18:39 04-20-2014,20:28:25 04-20-2014,Right Breast,,,,9,Breast Milk,
273,19:05:46 04-20-2014,19:15:09 04-20-2014,Right Breast,,,,9,Breast Milk,
272,18:22:38 04-20-2014,18:38:50 04-20-2014,Left Breast,,,,16,Breast Milk,
271,16:49:28 04-20-2014,17:05:41 04-20-2014,Left Breast,,,,16,Breast Milk,
270,16:23:47 04-20-2014,16:32:14 04-20-2014,Right Breast,,,,8,Breast Milk,
269,15:06:46 04-20-2014,15:13:16 04-20-2014,Right Breast,,,,6,Breast Milk,
268,14:36:02 04-20-2014,14:59:36 04-20-2014,Left Breast,,,,23,Breast Milk,
267,11:59:28 04-20-2014,12:06:20 04-20-2014,Left Breast,,,,6,Breast Milk,
266,11:31:36 04-20-2014,11:52:22 04-20-2014,Right Breast,,,,20,Breast Milk,
265,09:16:39 04-20-2014,09:26:37 04-20-2014,Right Breast,,,,9,Breast Milk,
264,08:57:21 04-20-2014,09:05:32 04-20-2014,Left Breast,,,,8,Breast Milk,
263,07:33:00 04-20-2014,07:43:05 04-20-2014,Left Breast,,,,10,Breast Milk,
262,07:06:48 04-20-2014,07:20:59 04-20-2014,Right Breast,,,,14,Breast Milk,
261,05:47:03 04-20-2014,05:53:49 04-20-2014,Right Breast,,,,6,Breast Milk,
260,05:25:14 04-20-2014,05:36:39 04-20-2014,Left Breast,,,,11,Breast Milk,
259,03:28:22 04-20-2014,03:35:29 04-20-2014,Left Breast,,,,7,Breast Milk,
258,02:56:12 04-20-2014,03:22:15 04-20-2014,Right Breast,,,,26,Breast Milk,
257,23:53:38 04-19-2014,00:01:54 04-20-2014,Right Breast,,,,8,Breast Milk,
256,23:31:25 04-19-2014,23:43:07 04-19-2014,Left Breast,,,,11,Breast Milk,
255,21:10:38 04-19-2014,21:24:12 04-19-2014,Left Breast,,,,13,Breast Milk,
254,20:33:36 04-19-2014,20:52:41 04-19-2014,Right Breast,,,,19,Breast Milk,
253,18:50:10 04-19-2014,19:00:18 04-19-2014,Left Breast,,,,10,Breast Milk,
252,17:18:57 04-19-2014,17:26:56 04-19-2014,Left Breast,,,,7,Breast Milk,
251,17:01:33 04-19-2014,17:11:37 04-19-2014,Right Breast,,,,10,Breast Milk,
250,15:24:14 04-19-2014,15:39:33 04-19-2014,Right Breast,,,,15,Breast Milk,
249,15:02:25 04-19-2014,15:12:27 04-19-2014,Left Breast,,,,10,Breast Milk,
248,13:36:47 04-19-2014,13:51:59 04-19-2014,Left Breast,,,,15,Breast Milk,
247,13:08:33 04-19-2014,13:23:30 04-19-2014,Right Breast,,,,14,Breast Milk,
246,10:07:36 04-19-2014,10:27:45 04-19-2014,Right Breast,,,,20,Breast Milk,
245,09:36:05 04-19-2014,09:51:23 04-19-2014,Left Breast,,,,15,Breast Milk,
244,07:36:11 04-19-2014,07:45:21 04-19-2014,Left Breast,,,,9,Breast Milk,
243,07:15:45 04-19-2014,07:29:09 04-19-2014,Right Breast,,,,13,Breast Milk,
242,06:06:46 04-19-2014,06:12:36 04-19-2014,Right Breast,,,,5,Breast Milk,
241,05:49:00 04-19-2014,05:59:04 04-19-2014,Left Breast,,,,10,Breast Milk,
240,04:00:40 04-19-2014,04:12:13 04-19-2014,Left Breast,,,,11,Breast Milk,
239,03:34:03 04-19-2014,03:54:37 04-19-2014,Right Breast,,,,20,Breast Milk,
238,00:54:32 04-19-2014,01:00:09 04-19-2014,Right Breast,,,,5,Breast Milk,
237,00:36:28 04-19-2014,00:46:57 04-19-2014,Left Breast,,,,10,Breast Milk,
236,23:15:05 04-18-2014,23:25:52 04-18-2014,Left Breast,,,,10,Breast Milk,
235,22:57:49 04-18-2014,23:09:25 04-18-2014,Right Breast,,,,11,Breast Milk,
234,21:13:29 04-18-2014,21:27:58 04-18-2014,Right Breast,,,,14,Breast Milk,
233,20:46:42 04-18-2014,21:03:32 04-18-2014,Left Breast,,,,16,Breast Milk,
232,19:04:29 04-18-2014,19:13:23 04-18-2014,Left Breast,,,,8,Breast Milk,
231,18:28:37 04-18-2014,18:46:50 04-18-2014,Left Breast,,,,18,Breast Milk,
230,18:13:20 04-18-2014,18:21:48 04-18-2014,Right Breast,,,,8,Breast Milk,
229,17:44:24 04-18-2014,17:54:28 04-18-2014,Right Breast,,,,10,Breast Milk,
228,17:23:19 04-18-2014,17:34:54 04-18-2014,Left Breast,,,,11,Breast Milk,
227,15:00:19 04-18-2014,15:10:22 04-18-2014,Left Breast,,,,10,Breast Milk,
226,14:34:04 04-18-2014,14:42:40 04-18-2014,Right Breast,,,,8,Breast Milk,
225,14:14:43 04-18-2014,14:27:48 04-18-2014,Left Breast,,,,13,Breast Milk,
224,12:45:24 04-18-2014,12:53:03 04-18-2014,Left Breast,,,,7,Breast Milk,
223,12:22:39 04-18-2014,12:36:31 04-18-2014,Right Breast,,,,13,Breast Milk,
222,10:51:35 04-18-2014,10:56:23 04-18-2014,Right Breast,,,,4,Breast Milk,
221,10:26:23 04-18-2014,10:41:14 04-18-2014,Left Breast,,,,14,Breast Milk,
220,09:08:44 04-18-2014,09:16:21 04-18-2014,Left Breast,,,,7,Breast Milk,
219,09:01:01 04-18-2014,09:08:43 04-18-2014,Right Breast,,,,7,Breast Milk,
218,06:53:10 04-18-2014,07:05:48 04-18-2014,Right Breast,,,,12,Breast Milk,
217,06:37:49 04-18-2014,06:45:01 04-18-2014,Left Breast,,,,7,Breast Milk,
216,04:45:49 04-18-2014,04:52:18 04-18-2014,Left Breast,,,,6,Breast Milk,
215,04:25:27 04-18-2014,04:38:47 04-18-2014,Right Breast,,,,13,Breast Milk,
214,03:01:51 04-18-2014,03:09:33 04-18-2014,Right Breast,,,,7,Breast Milk,
213,02:44:49 04-18-2014,02:53:15 04-18-2014,Left Breast,,,,8,Breast Milk,
211,00:18:19 04-18-2014,00:26:30 04-18-2014,Left Breast,,,,8,Breast Milk,
210,23:54:54 04-17-2014,00:11:24 04-18-2014,Right Breast,,,,16,Breast Milk,
209,21:54:58 04-17-2014,22:14:17 04-17-2014,Right Breast,,,,19,Breast Milk,
208,21:36:50 04-17-2014,21:48:08 04-17-2014,Left Breast,,,,11,Breast Milk,
207,19:10:15 04-17-2014,19:17:50 04-17-2014,Left Breast,,,,7,Breast Milk,
206,18:53:27 04-17-2014,19:02:40 04-17-2014,Right Breast,,,,9,Breast Milk,
205,18:18:39 04-17-2014,18:28:18 04-17-2014,Right Breast,,,,9,Breast Milk,
204,17:51:14 04-17-2014,18:08:20 04-17-2014,Left Breast,,,,17,Breast Milk,
203,15:20:12 04-17-2014,15:26:28 04-17-2014,Right Breast,,,,6,Breast Milk,
202,15:02:41 04-17-2014,15:11:54 04-17-2014,Left Breast,,,,9,Breast Milk,
201,14:01:56 04-17-2014,14:07:03 04-17-2014,Right Breast,,,,5,Breast Milk,
200,13:43:40 04-17-2014,13:51:19 04-17-2014,Left Breast,,,,7,Breast Milk,
199,13:26:10 04-17-2014,13:41:29 04-17-2014,Right Breast,,,,15,Breast Milk,
198,11:08:50 04-17-2014,11:18:45 04-17-2014,Right Breast,,,,9,Breast Milk,
197,10:55:29 04-17-2014,11:02:25 04-17-2014,Left Breast,,,,6,Breast Milk,
196,09:55:04 04-17-2014,10:07:30 04-17-2014,Left Breast,,,,12,Breast Milk,
195,09:30:07 04-17-2014,09:47:11 04-17-2014,Right Breast,,,,17,Breast Milk,
194,07:38:30 04-17-2014,07:45:59 04-17-2014,Right Breast,,,,7,Breast Milk,
193,07:20:14 04-17-2014,07:33:29 04-17-2014,Left Breast,,,,13,Breast Milk,
192,07:10:58 04-17-2014,07:11:02 04-17-2014,Left Breast,,,,0,Breast Milk,
191,05:16:11 04-17-2014,05:31:28 04-17-2014,Left Breast,,,,15,Breast Milk,
190,04:59:04 04-17-2014,05:14:09 04-17-2014,Right Breast,,,,15,Breast Milk,
189,02:30:31 04-17-2014,02:36:34 04-17-2014,Right Breast,,,,6,Breast Milk,
188,02:07:19 04-17-2014,02:19:45 04-17-2014,Left Breast,,,,12,Breast Milk,
187,00:22:34 04-17-2014,00:34:47 04-17-2014,Left Breast,,,,12,Breast Milk,
186,00:00:00 04-17-2014,00:13:56 04-17-2014,Right Breast,,,,13,Breast Milk,
185,20:57:08 04-16-2014,21:12:08 04-16-2014,Right Breast,,,,14,Breast Milk,
184,20:33:02 04-16-2014,20:49:06 04-16-2014,Left Breast,,,,16,Breast Milk,
183,18:27:53 04-16-2014,18:37:05 04-16-2014,Left Breast,,,,9,Breast Milk,
182,18:08:19 04-16-2014,18:22:00 04-16-2014,Right Breast,,,,13,Breast Milk,
181,16:35:32 04-16-2014,16:46:56 04-16-2014,Left Breast,,,,11,Breast Milk,
180,15:10:46 04-16-2014,15:21:42 04-16-2014,Left Breast,,,,10,Breast Milk,
179,13:51:48 04-16-2014,14:07:15 04-16-2014,Left Breast,,,,15,Breast Milk,
178,13:34:26 04-16-2014,13:42:36 04-16-2014,Right Breast,,,,8,Breast Milk,
177,11:03:12 04-16-2014,11:08:16 04-16-2014,Right Breast,,,,5,Breast Milk,
176,10:40:30 04-16-2014,10:54:01 04-16-2014,Left Breast,,,,13,Breast Milk,
175,08:53:49 04-16-2014,09:08:28 04-16-2014,Left Breast,,,,14,Breast Milk,
174,08:33:25 04-16-2014,08:47:13 04-16-2014,Right Breast,,,,13,Breast Milk,
173,05:13:39 04-16-2014,05:19:45 04-16-2014,Right Breast,,,,6,Breast Milk,
172,04:56:40 04-16-2014,05:05:55 04-16-2014,Left Breast,,,,9,Breast Milk,
171,02:40:32 04-16-2014,02:48:42 04-16-2014,Left Breast,,,,8,Breast Milk,
170,02:20:53 04-16-2014,02:33:24 04-16-2014,Right Breast,,,,12,Breast Milk,
169,00:06:30 04-16-2014,00:13:51 04-16-2014,Left Breast,,,,7,Breast Milk,
168,23:46:27 04-15-2014,23:58:46 04-15-2014,Right Breast,,,,12,Breast Milk,
167,22:02:25 04-15-2014,22:06:40 04-15-2014,Right Breast,,,,4,Breast Milk,
166,21:42:46 04-15-2014,21:57:44 04-15-2014,Left Breast,,,,14,Breast Milk,
165,20:13:06 04-15-2014,20:23:11 04-15-2014,Left Breast,,,,10,Breast Milk,
164,19:53:46 04-15-2014,20:04:05 04-15-2014,Right Breast,,,,10,Breast Milk,
163,18:16:44 04-15-2014,18:26:59 04-15-2014,Right Breast,,,,10,Breast Milk,
162,17:55:33 04-15-2014,18:06:59 04-15-2014,Left Breast,,,,11,Breast Milk,
161,16:40:08 04-15-2014,16:51:10 04-15-2014,Left Breast,,,,11,Breast Milk,
160,16:26:17 04-15-2014,16:33:46 04-15-2014,Right Breast,,,,7,Breast Milk,
159,13:01:20 04-15-2014,13:13:56 04-15-2014,Right Breast,,,,12,Breast Milk,
158,12:11:50 04-15-2014,12:23:22 04-15-2014,Right Breast,,,,11,Breast Milk,
157,11:48:59 04-15-2014,11:59:20 04-15-2014,Left Breast,,,,10,Breast Milk,
156,09:57:13 04-15-2014,10:04:29 04-15-2014,Left Breast,,,,7,Breast Milk,
155,09:37:57 04-15-2014,09:48:19 04-15-2014,Right Breast,,,,10,Breast Milk,
154,08:43:27 04-15-2014,08:57:04 04-15-2014,Right Breast,,,,13,Breast Milk,
153,08:30:59 04-15-2014,08:37:17 04-15-2014,Right Breast,,,,6,Breast Milk,
152,08:12:03 04-15-2014,08:23:38 04-15-2014,Left Breast,,,,11,Breast Milk,
151,05:46:18 04-15-2014,05:51:22 04-15-2014,Left Breast,,,,5,Breast Milk,
150,05:21:47 04-15-2014,05:38:20 04-15-2014,Right Breast,,,,16,Breast Milk,
149,03:15:21 04-15-2014,03:27:09 04-15-2014,Right Breast,,,,11,Breast Milk,
148,03:00:02 04-15-2014,03:08:53 04-15-2014,Left Breast,,,,8,Breast Milk,
147,23:55:35 04-14-2014,00:01:48 04-15-2014,Right Breast,,,,6,Breast Milk,
146,23:41:24 04-14-2014,23:48:26 04-14-2014,Left Breast,,,,7,Breast Milk,
145,20:44:02 04-14-2014,20:50:18 04-14-2014,Left Breast,,,,6,Breast Milk,
144,20:37:20 04-14-2014,20:43:23 04-14-2014,Right Breast,,,,6,Breast Milk,
143,20:14:50 04-14-2014,20:19:51 04-14-2014,Right Breast,,,,5,Breast Milk,
142,19:50:53 04-14-2014,20:11:09 04-14-2014,Right Breast,,,,20,Breast Milk,
141,19:20:51 04-14-2014,19:40:39 04-14-2014,Left Breast,,,,19,Breast Milk,
140,17:28:13 04-14-2014,17:43:15 04-14-2014,Left Breast,,,,15,Breast Milk,
138,17:08:20 04-14-2014,17:20:09 04-14-2014,Right Breast,,,,11,Breast Milk,
137,15:15:02 04-14-2014,15:21:27 04-14-2014,Right Breast,,,,6,Breast Milk,
136,15:00:51 04-14-2014,15:10:01 04-14-2014,Left Breast,,,,9,Breast Milk,
135,14:06:25 04-14-2014,14:19:07 04-14-2014,Left Breast,,,,12,Breast Milk,
134,13:40:46 04-14-2014,14:00:50 04-14-2014,Right Breast,,,,20,Breast Milk,
133,11:04:53 04-14-2014,11:09:03 04-14-2014,Right Breast,,,,4,Breast Milk,
132,10:48:53 04-14-2014,11:04:52 04-14-2014,Left Breast,,,,15,Breast Milk,
131,10:00:45 04-14-2014,10:15:21 04-14-2014,Left Breast,,,,14,Breast Milk,
130,09:38:04 04-14-2014,09:55:44 04-14-2014,Right Breast,,,,17,Breast Milk,
129,08:06:10 04-14-2014,08:13:59 04-14-2014,Right Breast,,,,7,Breast Milk,
128,07:47:56 04-14-2014,07:59:03 04-14-2014,Left Breast,,,,11,Breast Milk,
127,06:20:18 04-14-2014,06:28:08 04-14-2014,Left Breast,,,,7,Breast Milk,
126,06:00:39 04-14-2014,06:14:45 04-14-2014,Right Breast,,,,14,Breast Milk,
125,04:37:55 04-14-2014,04:40:14 04-14-2014,Right Breast,,,,2,Breast Milk,
124,04:26:18 04-14-2014,04:36:02 04-14-2014,Right Breast,,,,9,Breast Milk,
123,04:06:23 04-14-2014,04:21:00 04-14-2014,Left Breast,,,,14,Breast Milk,
121,01:38:26 04-14-2014,01:53:33 04-14-2014,Left Breast,,,,15,Breast Milk,
120,01:19:05 04-14-2014,01:34:05 04-14-2014,Right Breast,,,,15,Breast Milk,
119,22:35:31 04-13-2014,22:39:33 04-13-2014,Right Breast,,,,4,Breast Milk,
118,22:19:40 04-13-2014,22:30:30 04-13-2014,Left Breast,,,,10,Breast Milk,
117,21:42:07 04-13-2014,21:51:36 04-13-2014,Left Breast,,,,9,Breast Milk,
116,21:16:36 04-13-2014,21:32:38 04-13-2014,Right Breast,,,,16,Breast Milk,
115,20:19:00 04-13-2014,20:26:12 04-13-2014,Right Breast,,,,7,Breast Milk,
114,19:58:39 04-13-2014,20:10:01 04-13-2014,Left Breast,,,,11,Breast Milk,
113,16:09:18 04-13-2014,16:16:54 04-13-2014,Left Breast,,,,7,Breast Milk,
112,15:45:52 04-13-2014,16:03:04 04-13-2014,Right Breast,,,,17,Breast Milk,
111,14:29:56 04-13-2014,14:36:57 04-13-2014,Right Breast,,,,7,Breast Milk,
110,14:12:23 04-13-2014,14:24:50 04-13-2014,Left Breast,,,,12,Breast Milk,
109,13:29:09 04-13-2014,13:32:26 04-13-2014,Left Breast,,,,3,Breast Milk,
108,13:21:47 04-13-2014,13:25:01 04-13-2014,Right Breast,,,,3,Breast Milk,
107,13:03:35 04-13-2014,13:09:12 04-13-2014,Left Breast,,,,5,Breast Milk,
106,12:18:22 04-13-2014,12:26:00 04-13-2014,Left Breast,,,,7,Breast Milk,
105,11:31:33 04-13-2014,11:41:40 04-13-2014,Right Breast,,,,10,Breast Milk,
104,10:49:26 04-13-2014,11:01:16 04-13-2014,Right Breast,,,,11,Breast Milk,
103,10:26:31 04-13-2014,10:40:52 04-13-2014,Left Breast,,,,14,Breast Milk,
102,07:20:56 04-13-2014,07:32:25 04-13-2014,Left Breast,,,,11,Breast Milk,
101,07:03:57 04-13-2014,07:14:04 04-13-2014,Right Breast,,,,10,Breast Milk,
100,04:25:07 04-13-2014,04:37:23 04-13-2014,Right Breast,,,,12,Breast Milk,
99,04:10:13 04-13-2014,04:19:22 04-13-2014,Left Breast,,,,9,Breast Milk,
98,01:17:17 04-13-2014,01:27:27 04-13-2014,Left Breast,,,,10,Breast Milk,
97,00:58:53 04-13-2014,01:10:01 04-13-2014,Right Breast,,,,11,Breast Milk,
96,21:51:47 04-12-2014,22:03:50 04-12-2014,Right Breast,,,,12,Breast Milk,
95,21:36:37 04-12-2014,21:48:26 04-12-2014,Left Breast,,,,11,Breast Milk,
94,18:38:56 04-12-2014,18:49:08 04-12-2014,Left Breast,,,,10,Breast Milk,
93,18:26:56 04-12-2014,18:35:49 04-12-2014,Right Breast,,,,8,Breast Milk,
92,17:42:53 04-12-2014,17:48:46 04-12-2014,Right Breast,,,,5,Breast Milk,
91,17:24:28 04-12-2014,17:33:28 04-12-2014,Left Breast,,,,9,Breast Milk,
90,15:52:04 04-12-2014,16:00:18 04-12-2014,Left Breast,,,,8,Breast Milk,
89,15:36:57 04-12-2014,15:47:46 04-12-2014,Right Breast,,,,10,Breast Milk,
88,14:05:56 04-12-2014,14:15:45 04-12-2014,Right Breast,,,,9,Breast Milk,
87,13:46:26 04-12-2014,14:01:57 04-12-2014,Left Breast,,,,15,Breast Milk,
86,10:03:15 04-12-2014,10:10:58 04-12-2014,Left Breast,,,,7,Breast Milk,
84,09:33:07 04-12-2014,09:40:22 04-12-2014,Right Breast,,,,7,Breast Milk,
83,09:14:25 04-12-2014,09:21:45 04-12-2014,Left Breast,,,,7,Breast Milk,
82,08:33:45 04-12-2014,08:45:10 04-12-2014,Left Breast,,,,11,Breast Milk,
81,08:14:31 04-12-2014,08:28:25 04-12-2014,Right Breast,,,,13,Breast Milk,
80,05:45:18 04-12-2014,05:48:09 04-12-2014,Right Breast,,,,2,Breast Milk,
79,05:18:37 04-12-2014,05:25:40 04-12-2014,Right Breast,,,,7,Breast Milk,
78,05:01:32 04-12-2014,05:11:18 04-12-2014,Left Breast,,,,9,Breast Milk,
77,02:07:37 04-12-2014,02:22:31 04-12-2014,Left Breast,,,,14,Breast Milk,
76,01:50:42 04-12-2014,02:05:51 04-12-2014,Right Breast,,,,15,Breast Milk,
75,22:50:01 04-11-2014,23:05:14 04-11-2014,Right Breast,,,,15,Breast Milk,
74,22:37:48 04-11-2014,22:47:54 04-11-2014,Left Breast,,,,10,Breast Milk,
73,19:20:52 04-11-2014,19:33:18 04-11-2014,Left Breast,,,,12,Breast Milk,
72,19:14:46 04-11-2014,19:19:00 04-11-2014,Left Breast,,,,4,Breast Milk,
71,19:03:37 04-11-2014,19:12:30 04-11-2014,Right Breast,,,,8,Breast Milk,
70,17:59:10 04-11-2014,18:14:29 04-11-2014,Right Breast,,,,15,Breast Milk,
69,17:47:40 04-11-2014,17:57:43 04-11-2014,Left Breast,,,,10,Breast Milk,
68,15:18:22 04-11-2014,15:25:39 04-11-2014,Left Breast,,,,7,Breast Milk,
67,15:01:21 04-11-2014,15:18:20 04-11-2014,Right Breast,,,,16,Breast Milk,
66,13:02:58 04-11-2014,13:13:30 04-11-2014,Left Breast,,,,10,Breast Milk,
65,10:42:23 04-11-2014,10:51:19 04-11-2014,Left Breast,,,,8,Breast Milk,
63,10:25:06 04-11-2014,10:40:35 04-11-2014,Right Breast,,,,15,Breast Milk,
62,10:13:41 04-11-2014,10:20:51 04-11-2014,Right Breast,,,,7,Breast Milk,
61,08:59:09 04-11-2014,09:02:13 04-11-2014,Right Breast,,,,3,Breast Milk,
60,08:27:36 04-11-2014,08:43:09 04-11-2014,Left Breast,,,,15,Breast Milk,
59,06:29:39 04-11-2014,06:39:14 04-11-2014,Right Breast,,,,9,Breast Milk,
58,06:06:55 04-11-2014,06:22:46 04-11-2014,Left Breast,,,,15,Breast Milk,
57,04:03:56 04-11-2014,04:12:18 04-11-2014,Left Breast,,,,8,Breast Milk,
56,03:44:12 04-11-2014,03:57:34 04-11-2014,Right Breast,,,,13,Breast Milk,
55,01:23:36 04-11-2014,01:28:41 04-11-2014,Right Breast,,,,5,Breast Milk,
54,00:25:34 04-11-2014,00:35:40 04-11-2014,Right Breast,,,,10,Breast Milk,
53,00:04:55 04-11-2014,00:19:50 04-11-2014,Left Breast,,,,14,Breast Milk,
52,21:06:38 04-10-2014,21:17:27 04-10-2014,Left Breast,,,,10,Breast Milk,
51,20:48:08 04-10-2014,21:01:05 04-10-2014,Right Breast,,,,12,Breast Milk,
50,17:32:13 04-10-2014,17:42:11 04-10-2014,Right Breast,,,,9,Breast Milk,
49,16:43:10 04-10-2014,16:53:03 04-10-2014,Left Breast,,,,9,Breast Milk,
48,16:22:30 04-10-2014,16:35:34 04-10-2014,Right Breast,,,,13,Breast Milk,
47,15:13:57 04-10-2014,15:21:50 04-10-2014,Right Breast,,,,7,Breast Milk,
46,14:50:03 04-10-2014,15:06:02 04-10-2014,Left Breast,,,,15,Breast Milk,
45,13:10:21 04-10-2014,13:26:01 04-10-2014,Left Breast,,,,15,Breast Milk,
44,12:48:38 04-10-2014,12:59:30 04-10-2014,Right Breast,,,,10,Breast Milk,
43,11:06:56 04-10-2014,11:15:12 04-10-2014,Left Breast,,,,8,Breast Milk,
41,10:42:39 04-10-2014,10:57:02 04-10-2014,Right Breast,,,,14,Breast Milk,
40,08:48:42 04-10-2014,08:59:33 04-10-2014,Left Breast,,,,10,Breast Milk,
39,08:16:35 04-10-2014,08:42:38 04-10-2014,Right Breast,,,,26,Breast Milk,
38,06:08:20 04-10-2014,06:12:14 04-10-2014,Right Breast,,,,3,Breast Milk,
37,05:42:26 04-10-2014,05:58:24 04-10-2014,Left Breast,,,,15,Breast Milk,
36,02:39:04 04-10-2014,02:52:17 04-10-2014,Left Breast,,,,13,Breast Milk,
35,02:01:26 04-10-2014,02:35:20 04-10-2014,Right Breast,,,,33,Breast Milk,
34,22:58:23 04-09-2014,23:12:39 04-09-2014,Right Breast,,,,14,Breast Milk,
33,22:41:37 04-09-2014,22:56:23 04-09-2014,Left Breast,,,,14,Breast Milk,
32,21:41:21 04-09-2014,21:54:12 04-09-2014,Right Breast,,,,12,Breast Milk,
31,21:03:02 04-09-2014,21:16:12 04-09-2014,Right Breast,,,,13,Breast Milk,
30,20:42:59 04-09-2014,20:58:27 04-09-2014,Left Breast,,,,15,Breast Milk,
29,18:54:19 04-09-2014,19:10:23 04-09-2014,Left Breast,,,,16,Breast Milk,
28,18:23:18 04-09-2014,18:52:17 04-09-2014,Right Breast,,,,28,Breast Milk,
27,16:20:56 04-09-2014,16:33:56 04-09-2014,Right Breast,,,,12,Breast Milk,
26,15:59:01 04-09-2014,16:19:10 04-09-2014,Left Breast,,,,20,Breast Milk,
25,14:11:46 04-09-2014,14:29:48 04-09-2014,Right Breast,,,,18,Breast Milk,
24,13:01:11 04-09-2014,13:12:46 04-09-2014,Left Breast,,,,11,Breast Milk,
23,11:20:54 04-09-2014,11:31:59 04-09-2014,Right Breast,,,,11,Breast Milk,
22,11:10:29 04-09-2014,11:26:30 04-09-2014,Left Breast,,,,16,Breast Milk,
21,10:57:02 04-09-2014,11:09:20 04-09-2014,Right Breast,,,,12,Breast Milk,
20,09:57:27 04-09-2014,10:20:54 04-09-2014,Right Breast,,,,23,Breast Milk,
18,09:13:01 04-09-2014,09:23:10 04-09-2014,Left Breast,,,,10,Breast Milk,
17,19:15:08 04-08-2014,19:20:08 04-08-2014,Right Breast,,,,4,Breast Milk,
16,19:05:05 04-08-2014,19:15:07 04-08-2014,Left Breast,,,,10,Breast Milk,
15,18:03:38 04-08-2014,18:14:25 04-08-2014,Left Breast,,,,10,Breast Milk,
14,17:18:34 04-08-2014,17:37:37 04-08-2014,Left Breast,,,,19,Breast Milk,
12,16:45:29 04-08-2014,17:12:35 04-08-2014,Right Breast,,,,27,Breast Milk,
11,14:18:23 04-08-2014,14:31:15 04-08-2014,Left Breast,,,,12,Breast Milk,
10,13:00:56 04-08-2014,13:10:59 04-08-2014,Right Breast,,,,10,Breast Milk,
9,12:06:32 04-08-2014,12:20:32 04-08-2014,Right Breast,,,,13,Breast Milk,
8,11:24:09 04-08-2014,11:41:57 04-08-2014,Left Breast,,,,17,Breast Milk,
7,11:12:20 04-08-2014,11:21:02 04-08-2014,Right Breast,,,,8,Breast Milk,
6,09:18:11 04-08-2014,09:28:37 04-08-2014,Right Breast,,,,10,Breast Milk,
5,09:02:14 04-08-2014,09:13:15 04-08-2014,Left Breast,,,,11,Breast Milk,
4,08:37:39 04-08-2014,08:47:45 04-08-2014,Right Breast,,,,10,Breast Milk,
3,08:04:04 04-08-2014,08:21:51 04-08-2014,Left Breast,,,,17,Breast Milk,
2,07:28:08 04-08-2014,07:47:53 04-08-2014,Right Breast,,,,19,Breast Milk,
1,06:42:08 04-08-2014,07:00:19 04-08-2014,Left Breast,,,,18,Breast Milk,
